Workbook

Sheet Start_page

Sheet Data1
A1: =$O$1/100 -> 0.03 | B1: {=1-COS((_xlfn.SEQUENCE(500,1,0,1)*PI())/(2*(500-1)))} -> 0 | C1: =IF($A$1=0, 0, IF(B1<=$A$2, ($A$1/$A$2^2)*(2*$A$2*B1-B1^2), ($A$1/(1-$A$2)^2)*((1-2*$A$2)+2*$A$2*B1-B1^2))) -> 0 | D1: =5*$A$3*(0.2969*SQRT(B1)-0.126*B1-0.3516*B1^2+0.2843*B1^3-0.1015*B1^4) -> 0 | E1: =IF($A$1=0, 0, IF(B1<=$A$2, ($A$1/$A$2^2) *(2*$A$2-2*B1), ($A$1/(1-$A$2)^2)*(2*$A$2-2*B1))) -> 0.15 | F1: =IF($A$1=0, 0, ATAN(E1)) -> 0.14888995 | G1: =B1-D1*SIN(F1) -> 0 | H1: =C1+D1*COS(F1) -> 0 | I1: =B1+D1*SIN(F1) -> 0 | J1: =C1-D1*COS(F1) -> 0 | M1: =IF($Q$1, C1, -0.2) -> -0.2 | N1: 3 | O1: =IF($P$1=1, 0, $N$1) -> 3 | P1: 2 | Q1: FALSE | R1: =ATAN(E1) -> 0.14888995 | S1: {=_xlfn.SEQUENCE(50, 1, 0, (2*PI())/(50-1))} -> 0 | T1: =$R$2*(COS($R$1)+COS(S1)) -> 0.096647335 | U1: =IF($Q$2, $R$2*(SIN($R$1)+SIN(S1)), -0.2) -> -0.2
A2: =$O$2/10 -> 0.4 | B2: 4.9545967e-06 | C2: =IF($A$1=0, 0, IF(B2<=$A$2, ($A$1/$A$2^2)*(2*$A$2*B2-B2^2), ($A$1/(1-$A$2)^2)*((1-2*$A$2)+2*$A$2*B2-B2^2))) -> 7.431849e-07 | D2: =5*$A$3*(0.2969*SQRT(B2)-0.126*B2-0.3516*B2^2+0.2843*B2^3-0.1015*B2^4) -> 0.0006932553 | E2: =IF($A$1=0, 0, IF(B2<=$A$2, ($A$1/$A$2^2) *(2*$A$2-2*B2), ($A$1/(1-$A$2)^2)*(2*$A$2-2*B2))) -> 0.14999814 | F2: =IF($A$1=0, 0, ATAN(E2)) -> 0.14888813 | G2: =B2-D2*SIN(F2) -> -9.7881963e-05 | H2: =C2+D2*COS(F2) -> 0.00068632874 | I2: =B2+D2*SIN(F2) -> 0.00010779116 | J2: =C2-D2*COS(F2) -> -0.00068484237 | M2: =IF($Q$1, C2, -0.2) -> -0.2 | N2: 4 | O2: =IF($P$1=1, 0, $N$2) -> 4 | Q2: FALSE | R2: =(0.2969^2/2)*(A3/0.2)^2 -> 0.048592473 | S2: 0.12822827 | T2: =$R$2*(COS($R$1)+COS(S2)) -> 0.096248392 | U2: =IF($Q$2, $R$2*(SIN($R$1)+SIN(S2)), -0.2) -> -0.2
A3: =O3/100 -> 0.21 | B3: 1.9818338e-05 | C3: =IF($A$1=0, 0, IF(B3<=$A$2, ($A$1/$A$2^2)*(2*$A$2*B3-B3^2), ($A$1/(1-$A$2)^2)*((1-2*$A$2)+2*$A$2*B3-B3^2))) -> 2.972677e-06 | D3: =5*$A$3*(0.2969*SQRT(B3)-0.126*B3-0.3516*B3^2+0.2843*B3^3-0.1015*B3^4) -> 0.0013851978 | E3: =IF($A$1=0, 0, IF(B3<=$A$2, ($A$1/$A$2^2) *(2*$A$2-2*B3), ($A$1/(1-$A$2)^2)*(2*$A$2-2*B3))) -> 0.14999257 | F3: =IF($A$1=0, 0, ATAN(E3)) -> 0.14888268 | G3: =B3-D3*SIN(F3) -> -0.00018565257 | H3: =C3+D3*COS(F3) -> 0.0013728466 | I3: =B3+D3*SIN(F3) -> 0.00022528925 | J3: =C3-D3*COS(F3) -> -0.0013669013 | M3: =IF($Q$1, C3, -0.2) -> -0.2 | O3: 21 | S3: 0.25645654 | T3: =$R$2*(COS($R$1)+COS(S3)) -> 0.095058112 | U3: =IF($Q$2, $R$2*(SIN($R$1)+SIN(S3)), -0.2) -> -0.2
B4: 4.4591076e-05 | C4: =IF($A$1=0, 0, IF(B4<=$A$2, ($A$1/$A$2^2)*(2*$A$2*B4-B4^2), ($A$1/(1-$A$2)^2)*((1-2*$A$2)+2*$A$2*B4-B4^2))) -> 6.6882885e-06 | D4: =5*$A$3*(0.2969*SQRT(B4)-0.126*B4-0.3516*B4^2+0.2843*B4^3-0.1015*B4^4) -> 0.0020758254 | E4: =IF($A$1=0, 0, IF(B4<=$A$2, ($A$1/$A$2^2) *(2*$A$2-2*B4), ($A$1/(1-$A$2)^2)*(2*$A$2-2*B4))) -> 0.14998328 | F4: =IF($A$1=0, 0, ATAN(E4)) -> 0.14887359 | G4: =B4-D4*SIN(F4) -> -0.00026330423 | H4: =C4+D4*COS(F4) -> 0.0020595525 | I4: =B4+D4*SIN(F4) -> 0.00035248639 | J4: =C4-D4*COS(F4) -> -0.002046176 | M4: =IF($Q$1, C4, -0.2) -> -0.2 | S4: 0.38468481 | T4: =$R$2*(COS($R$1)+COS(S4)) -> 0.09309604 | U4: =IF($Q$2, $R$2*(SIN($R$1)+SIN(S4)), -0.2) -> -0.2
B5: 7.9272565e-05 | C5: =IF($A$1=0, 0, IF(B5<=$A$2, ($A$1/$A$2^2)*(2*$A$2*B5-B5^2), ($A$1/(1-$A$2)^2)*((1-2*$A$2)+2*$A$2*B5-B5^2))) -> 1.1889707e-05 | D5: =5*$A$3*(0.2969*SQRT(B5)-0.126*B5-0.3516*B5^2+0.2843*B5^3-0.1015*B5^4) -> 0.002765136 | E5: =IF($A$1=0, 0, IF(B5<=$A$2, ($A$1/$A$2^2) *(2*$A$2-2*B5), ($A$1/(1-$A$2)^2)*(2*$A$2-2*B5))) -> 0.14997027 | F5: =IF($A$1=0, 0, ATAN(E5)) -> 0.14886087 | G5: =B5-D5*SIN(F5) -> -0.00033082945 | H5: =C5+D5*COS(F5) -> 0.0027464451 | I5: =B5+D5*SIN(F5) -> 0.00048937458 | J5: =C5-D5*COS(F5) -> -0.0027226657 | M5: =IF($Q$1, C5, -0.2) -> -0.2 | S5: 0.51291309 | T5: =$R$2*(COS($R$1)+COS(S5)) -> 0.090394393 | U5: =IF($Q$2, $R$2*(SIN($R$1)+SIN(S5)), -0.2) -> -0.2
B6: 0.00012386246 | C6: =IF($A$1=0, 0, IF(B6<=$A$2, ($A$1/$A$2^2)*(2*$A$2*B6-B6^2), ($A$1/(1-$A$2)^2)*((1-2*$A$2)+2*$A$2*B6-B6^2))) -> 1.8576493e-05 | D6: =5*$A$3*(0.2969*SQRT(B6)-0.126*B6-0.3516*B6^2+0.2843*B6^3-0.1015*B6^4) -> 0.003453127 | E6: =IF($A$1=0, 0, IF(B6<=$A$2, ($A$1/$A$2^2) *(2*$A$2-2*B6), ($A$1/(1-$A$2)^2)*(2*$A$2-2*B6))) -> 0.14995355 | F6: =IF($A$1=0, 0, ATAN(E6)) -> 0.14884452 | G6: =B6-D6*SIN(F6) -> -0.00038822083 | H6: =C6+D6*COS(F6) -> 0.0034335226 | I6: =B6+D6*SIN(F6) -> 0.00063594575 | J6: =C6-D6*COS(F6) -> -0.0033963696 | M6: =IF($Q$1, C6, -0.2) -> -0.2 | S6: 0.64114136 | T6: =$R$2*(COS($R$1)+COS(S6)) -> 0.086997532 | U6: =IF($Q$2, $R$2*(SIN($R$1)+SIN(S6)), -0.2) -> -0.2
B7: 0.00017836033 | C7: =IF($A$1=0, 0, IF(B7<=$A$2, ($A$1/$A$2^2)*(2*$A$2*B7-B7^2), ($A$1/(1-$A$2)^2)*((1-2*$A$2)+2*$A$2*B7-B7^2))) -> 2.6748084e-05 | D7: =5*$A$3*(0.2969*SQRT(B7)-0.126*B7-0.3516*B7^2+0.2843*B7^3-0.1015*B7^4) -> 0.0041397959 | E7: =IF($A$1=0, 0, IF(B7<=$A$2, ($A$1/$A$2^2) *(2*$A$2-2*B7), ($A$1/(1-$A$2)^2)*(2*$A$2-2*B7))) -> 0.14993311 | F7: =IF($A$1=0, 0, ATAN(E7)) -> 0.14882453 | G7: =B7-D7*SIN(F7) -> -0.00043547106 | H7: =C7+D7*COS(F7) -> 0.0041207829 | I7: =B7+D7*SIN(F7) -> 0.00079219171 | J7: =C7-D7*COS(F7) -> -0.0040672867 | M7: =IF($Q$1, C7, -0.2) -> -0.2 | S7: 0.76936963 | T7: =$R$2*(COS($R$1)+COS(S7)) -> 0.082961234 | U7: =IF($Q$2, $R$2*(SIN($R$1)+SIN(S7)), -0.2) -> -0.2
B8: 0.00024276562 | C8: =IF($A$1=0, 0, IF(B8<=$A$2, ($A$1/$A$2^2)*(2*$A$2*B8-B8^2), ($A$1/(1-$A$2)^2)*((1-2*$A$2)+2*$A$2*B8-B8^2))) -> 3.6403792e-05 | D8: =5*$A$3*(0.2969*SQRT(B8)-0.126*B8-0.3516*B8^2+0.2843*B8^3-0.1015*B8^4) -> 0.0048251397 | E8: =IF($A$1=0, 0, IF(B8<=$A$2, ($A$1/$A$2^2) *(2*$A$2-2*B8), ($A$1/(1-$A$2)^2)*(2*$A$2-2*B8))) -> 0.14990896 | F8: =IF($A$1=0, 0, ATAN(E8)) -> 0.14880091 | G8: =B8-D8*SIN(F8) -> -0.00047257294 | H8: =C8+D8*COS(F8) -> 0.0048082236 | I8: =B8+D8*SIN(F8) -> 0.00095810417 | J8: =C8-D8*COS(F8) -> -0.004735416 | M8: =IF($Q$1, C8, -0.2) -> -0.2 | S8: 0.8975979 | T8: =$R$2*(COS($R$1)+COS(S8)) -> 0.078351774 | U8: =IF($Q$2, $R$2*(SIN($R$1)+SIN(S8)), -0.2) -> -0.2
B9: 0.00031707769 | C9: =IF($A$1=0, 0, IF(B9<=$A$2, ($A$1/$A$2^2)*(2*$A$2*B9-B9^2), ($A$1/(1-$A$2)^2)*((1-2*$A$2)+2*$A$2*B9-B9^2))) -> 4.7542803e-05 | D9: =5*$A$3*(0.2969*SQRT(B9)-0.126*B9-0.3516*B9^2+0.2843*B9^3-0.1015*B9^4) -> 0.0055091556 | E9: =IF($A$1=0, 0, IF(B9<=$A$2, ($A$1/$A$2^2) *(2*$A$2-2*B9), ($A$1/(1-$A$2)^2)*(2*$A$2-2*B9))) -> 0.1498811 | F9: =IF($A$1=0, 0, ATAN(E9)) -> 0.14877366 | G9: =B9-D9*SIN(F9) -> -0.00049951936 | H9: =C9+D9*COS(F9) -> 0.005495842 | I9: =B9+D9*SIN(F9) -> 0.0011336747 | J9: =C9-D9*COS(F9) -> -0.0054007564 | M9: =IF($Q$1, C9, -0.2) -> -0.2 | S9: 1.0258262 | T9: =$R$2*(COS($R$1)+COS(S9)) -> 0.073244839 | U9: =IF($Q$2, $R$2*(SIN($R$1)+SIN(S9)), -0.2) -> -0.2
B10: 0.00040129582 | C10: =IF($A$1=0, 0, IF(B10<=$A$2, ($A$1/$A$2^2)*(2*$A$2*B10-B10^2), ($A$1/(1-$A$2)^2)*((1-2*$A$2)+2*$A$2*B10-B10^2))) -> 6.0164178e-05 | D10: =5*$A$3*(0.2969*SQRT(B10)-0.126*B10-0.3516*B10^2+0.2843*B10^3-0.1015*B10^4) -> 0.0061918401 | E10: =IF($A$1=0, 0, IF(B10<=$A$2, ($A$1/$A$2^2) *(2*$A$2-2*B10), ($A$1/(1-$A$2)^2)*(2*$A$2-2*B10))) -> 0.14984951 | F10: =IF($A$1=0, 0, ATAN(E10)) -> 0.14874277 | G10: =B10-D10*SIN(F10) -> -0.00051630332 | H10: =C10+D10*COS(F10) -> 0.0061836351 | I10: =B10+D10*SIN(F10) -> 0.001318895 | J10: =C10-D10*COS(F10) -> -0.0060633067 | M10: =IF($Q$1, C10, -0.2) -> -0.2 | S10: 1.1540544 | T10: =$R$2*(COS($R$1)+COS(S10)) -> 0.067724286 | U10: =IF($Q$2, $R$2*(SIN($R$1)+SIN(S10)), -0.2) -> -0.2
B11: 0.00049541917 | C11: =IF($A$1=0, 0, IF(B11<=$A$2, ($A$1/$A$2^2)*(2*$A$2*B11-B11^2), ($A$1/(1-$A$2)^2)*((1-2*$A$2)+2*$A$2*B11-B11^2))) -> 7.4266855e-05 | D11: =5*$A$3*(0.2969*SQRT(B11)-0.126*B11-0.3516*B11^2+0.2843*B11^3-0.1015*B11^4) -> 0.0068731899 | E11: =IF($A$1=0, 0, IF(B11<=$A$2, ($A$1/$A$2^2) *(2*$A$2-2*B11), ($A$1/(1-$A$2)^2)*(2*$A$2-2*B11))) -> 0.14981422 | F11: =IF($A$1=0, 0, ATAN(E11)) -> 0.14870825 | G11: =B11-D11*SIN(F11) -> -0.00052291788 | H11: =C11+D11*COS(F11) -> 0.0068715993 | I11: =B11+D11*SIN(F11) -> 0.0015137562 | J11: =C11-D11*COS(F11) -> -0.0067230656 | M11: =IF($Q$1, C11, -0.2) -> -0.2 | S11: 1.2822827 | T11: =$R$2*(COS($R$1)+COS(S11)) -> 0.061880761 | U11: =IF($Q$2, $R$2*(SIN($R$1)+SIN(S11)), -0.2) -> -0.2
B12: 0.0005994468 | C12: =IF($A$1=0, 0, IF(B12<=$A$2, ($A$1/$A$2^2)*(2*$A$2*B12-B12^2), ($A$1/(1-$A$2)^2)*((1-2*$A$2)+2*$A$2*B12-B12^2))) -> 8.9849644e-05 | D12: =5*$A$3*(0.2969*SQRT(B12)-0.126*B12-0.3516*B12^2+0.2843*B12^3-0.1015*B12^4) -> 0.0075532013 | E12: =IF($A$1=0, 0, IF(B12<=$A$2, ($A$1/$A$2^2) *(2*$A$2-2*B12), ($A$1/(1-$A$2)^2)*(2*$A$2-2*B12))) -> 0.14977521 | F12: =IF($A$1=0, 0, ATAN(E12)) -> 0.14867009 | G12: =B12-D12*SIN(F12) -> -0.00051935625 | H12: =C12+D12*COS(F12) -> 0.0075597311 | I12: =B12+D12*SIN(F12) -> 0.0017182498 | J12: =C12-D12*COS(F12) -> -0.0073800318 | M12: =IF($Q$1, C12, -0.2) -> -0.2 | S12: 1.410511 | T12: =$R$2*(COS($R$1)+COS(S12)) -> 0.055810216 | U12: =IF($Q$2, $R$2*(SIN($R$1)+SIN(S12)), -0.2) -> -0.2
B13: 0.00071337768 | C13: =IF($A$1=0, 0, IF(B13<=$A$2, ($A$1/$A$2^2)*(2*$A$2*B13-B13^2), ($A$1/(1-$A$2)^2)*((1-2*$A$2)+2*$A$2*B13-B13^2))) -> 0.00010691123 | D13: =5*$A$3*(0.2969*SQRT(B13)-0.126*B13-0.3516*B13^2+0.2843*B13^3-0.1015*B13^4) -> 0.0082318704 | E13: =IF($A$1=0, 0, IF(B13<=$A$2, ($A$1/$A$2^2) *(2*$A$2-2*B13), ($A$1/(1-$A$2)^2)*(2*$A$2-2*B13))) -> 0.14973248 | F13: =IF($A$1=0, 0, ATAN(E13)) -> 0.14862831 | G13: =B13-D13*SIN(F13) -> -0.0005056117 | H13: =C13+D13*COS(F13) -> 0.0082480263 | I13: =B13+D13*SIN(F13) -> 0.0019323671 | J13: =C13-D13*COS(F13) -> -0.0080342039 | M13: =IF($Q$1, C13, -0.2) -> -0.2 | S13: 1.5387393 | T13: =$R$2*(COS($R$1)+COS(S13)) -> 0.049612328 | U13: =IF($Q$2, $R$2*(SIN($R$1)+SIN(S13)), -0.2) -> -0.2
B14: 0.00083721069 | C14: =IF($A$1=0, 0, IF(B14<=$A$2, ($A$1/$A$2^2)*(2*$A$2*B14-B14^2), ($A$1/(1-$A$2)^2)*((1-2*$A$2)+2*$A$2*B14-B14^2))) -> 0.00012545018 | D14: =5*$A$3*(0.2969*SQRT(B14)-0.126*B14-0.3516*B14^2+0.2843*B14^3-0.1015*B14^4) -> 0.0089091932 | E14: =IF($A$1=0, 0, IF(B14<=$A$2, ($A$1/$A$2^2) *(2*$A$2-2*B14), ($A$1/(1-$A$2)^2)*(2*$A$2-2*B14))) -> 0.14968605 | F14: =IF($A$1=0, 0, ATAN(E14)) -> 0.14858289 | G14: =B14-D14*SIN(F14) -> -0.00048167762 | H14: =C14+D14*COS(F14) -> 0.0089364806 | I14: =B14+D14*SIN(F14) -> 0.002156099 | J14: =C14-D14*COS(F14) -> -0.0086855802 | M14: =IF($Q$1, C14, -0.2) -> -0.2 | S14: 1.6669675 | T14: =$R$2*(COS($R$1)+COS(S14)) -> 0.043388866 | U14: =IF($Q$2, $R$2*(SIN($R$1)+SIN(S14)), -0.2) -> -0.2
B15: 0.00097094459 | C15: =IF($A$1=0, 0, IF(B15<=$A$2, ($A$1/$A$2^2)*(2*$A$2*B15-B15^2), ($A$1/(1-$A$2)^2)*((1-2*$A$2)+2*$A$2*B15-B15^2))) -> 0.00014546493 | D15: =5*$A$3*(0.2969*SQRT(B15)-0.126*B15-0.3516*B15^2+0.2843*B15^3-0.1015*B15^4) -> 0.0095851654 | E15: =IF($A$1=0, 0, IF(B15<=$A$2, ($A$1/$A$2^2) *(2*$A$2-2*B15), ($A$1/(1-$A$2)^2)*(2*$A$2-2*B15))) -> 0.1496359 | F15: =IF($A$1=0, 0, ATAN(E15)) -> 0.14853384 | G15: =B15-D15*SIN(F15) -> -0.00044754748 | H15: =C15+D15*COS(F15) -> 0.0096250892 | I15: =B15+D15*SIN(F15) -> 0.0023894367 | J15: =C15-D15*COS(F15) -> -0.0093341593 | M15: =IF($Q$1, C15, -0.2) -> -0.2 | S15: 1.7951958 | T15: =$R$2*(COS($R$1)+COS(S15)) -> 0.03724202 | U15: =IF($Q$2, $R$2*(SIN($R$1)+SIN(S15)), -0.2) -> -0.2
... B50: 0.011872429 | C50: =IF($A$1=0, 0, IF(B50<=$A$2, ($A$1/$A$2^2)*(2*$A$2*B50-B50^2), ($A$1/(1-$A$2)^2)*((1-2*$A$2)+2*$A$2*B50-B50^2))) -> 0.0017544354 | D50: =5*$A$3*(0.2969*SQRT(B50)-0.126*B50-0.3516*B50^2+0.2843*B50^3-0.1015*B50^4) -> 0.032345684 | E50: =IF($A$1=0, 0, IF(B50<=$A$2, ($A$1/$A$2^2) *(2*$A$2-2*B50), ($A$1/(1-$A$2)^2)*(2*$A$2-2*B50))) -> 0.14554784 | F50: =IF($A$1=0, 0, ATAN(E50)) -> 0.14453294 | G50: =B50-D50*SIN(F50) -> 0.0072136723 | H50: =C50+D50*COS(F50) -> 0.03376286 | I50: =B50+D50*SIN(F50) -> 0.016531186 | J50: =C50-D50*COS(F50) -> -0.030253989 | M50: =IF($Q$1, C50, -0.2) -> -0.2 | S50: 6.2831853 | T50: =$R$2*(COS($R$1)+COS(S50)) -> 0.096647335 | U50: =IF($Q$2, $R$2*(SIN($R$1)+SIN(S50)), -0.2) -> -0.2
B51: 0.012360952 | C51: =IF($A$1=0, 0, IF(B51<=$A$2, ($A$1/$A$2^2)*(2*$A$2*B51-B51^2), ($A$1/(1-$A$2)^2)*((1-2*$A$2)+2*$A$2*B51-B51^2))) -> 0.0018254941 | D51: =5*$A$3*(0.2969*SQRT(B51)-0.126*B51-0.3516*B51^2+0.2843*B51^3-0.1015*B51^4) -> 0.032968552 | E51: =IF($A$1=0, 0, IF(B51<=$A$2, ($A$1/$A$2^2) *(2*$A$2-2*B51), ($A$1/(1-$A$2)^2)*(2*$A$2-2*B51))) -> 0.14536464 | F51: =IF($A$1=0, 0, ATAN(E51)) -> 0.14435354 | G51: =B51-D51*SIN(F51) -> 0.0076183363 | H51: =C51+D51*COS(F51) -> 0.034451144 | I51: =B51+D51*SIN(F51) -> 0.017103568 | J51: =C51-D51*COS(F51) -> -0.030800155 | M51: =IF($Q$1, C51, -0.2) -> -0.2
B52: 0.012859262 | C52: =IF($A$1=0, 0, IF(B52<=$A$2, ($A$1/$A$2^2)*(2*$A$2*B52-B52^2), ($A$1/(1-$A$2)^2)*((1-2*$A$2)+2*$A$2*B52-B52^2))) -> 0.0018978841 | D52: =5*$A$3*(0.2969*SQRT(B52)-0.126*B52-0.3516*B52^2+0.2843*B52^3-0.1015*B52^4) -> 0.033589777 | E52: =IF($A$1=0, 0, IF(B52<=$A$2, ($A$1/$A$2^2) *(2*$A$2-2*B52), ($A$1/(1-$A$2)^2)*(2*$A$2-2*B52))) -> 0.14517778 | F52: =IF($A$1=0, 0, ATAN(E52)) -> 0.14417053 | G52: =B52-D52*SIN(F52) -> 0.0080333641 | H52: =C52+D52*COS(F52) -> 0.035139181 | I52: =B52+D52*SIN(F52) -> 0.017685159 | J52: =C52-D52*COS(F52) -> -0.031343413 | M52: =IF($Q$1, C52, -0.2) -> -0.2
B53: 0.013367353 | C53: =IF($A$1=0, 0, IF(B53<=$A$2, ($A$1/$A$2^2)*(2*$A$2*B53-B53^2), ($A$1/(1-$A$2)^2)*((1-2*$A$2)+2*$A$2*B53-B53^2))) -> 0.0019715993 | D53: =5*$A$3*(0.2969*SQRT(B53)-0.126*B53-0.3516*B53^2+0.2843*B53^3-0.1015*B53^4) -> 0.034209347 | E53: =IF($A$1=0, 0, IF(B53<=$A$2, ($A$1/$A$2^2) *(2*$A$2-2*B53), ($A$1/(1-$A$2)^2)*(2*$A$2-2*B53))) -> 0.14498724 | F53: =IF($A$1=0, 0, ATAN(E53)) -> 0.14398393 | G53: =B53-D53*SIN(F53) -> 0.0084587582 | H53: =C53+D53*COS(F53) -> 0.035826955 | I53: =B53+D53*SIN(F53) -> 0.018275948 | J53: =C53-D53*COS(F53) -> -0.031883757 | M53: =IF($Q$1, C53, -0.2) -> -0.2
B54: 0.013885221 | C54: =IF($A$1=0, 0, IF(B54<=$A$2, ($A$1/$A$2^2)*(2*$A$2*B54-B54^2), ($A$1/(1-$A$2)^2)*((1-2*$A$2)+2*$A$2*B54-B54^2))) -> 0.0020466333 | D54: =5*$A$3*(0.2969*SQRT(B54)-0.126*B54-0.3516*B54^2+0.2843*B54^3-0.1015*B54^4) -> 0.034827252 | E54: =IF($A$1=0, 0, IF(B54<=$A$2, ($A$1/$A$2^2) *(2*$A$2-2*B54), ($A$1/(1-$A$2)^2)*(2*$A$2-2*B54))) -> 0.14479304 | F54: =IF($A$1=0, 0, ATAN(E54)) -> 0.14379372 | G54: =B54-D54*SIN(F54) -> 0.0088945209 | H54: =C54+D54*COS(F54) -> 0.03651445 | I54: =B54+D54*SIN(F54) -> 0.018875921 | J54: =C54-D54*COS(F54) -> -0.032421183 | M54: =IF($Q$1, C54, -0.2) -> -0.2
B55: 0.01441286 | C55: =IF($A$1=0, 0, IF(B55<=$A$2, ($A$1/$A$2^2)*(2*$A$2*B55-B55^2), ($A$1/(1-$A$2)^2)*((1-2*$A$2)+2*$A$2*B55-B55^2))) -> 0.0021229796 | D55: =5*$A$3*(0.2969*SQRT(B55)-0.126*B55-0.3516*B55^2+0.2843*B55^3-0.1015*B55^4) -> 0.035443479 | E55: =IF($A$1=0, 0, IF(B55<=$A$2, ($A$1/$A$2^2) *(2*$A$2-2*B55), ($A$1/(1-$A$2)^2)*(2*$A$2-2*B55))) -> 0.14459518 | F55: =IF($A$1=0, 0, ATAN(E55)) -> 0.14359991 | G55: =B55-D55*SIN(F55) -> 0.0093406543 | H55: =C55+D55*COS(F55) -> 0.037201647 | I55: =B55+D55*SIN(F55) -> 0.019485067 | J55: =C55-D55*COS(F55) -> -0.032955688 | M55: =IF($Q$1, C55, -0.2) -> -0.2
B56: 0.014950266 | C56: =IF($A$1=0, 0, IF(B56<=$A$2, ($A$1/$A$2^2)*(2*$A$2*B56-B56^2), ($A$1/(1-$A$2)^2)*((1-2*$A$2)+2*$A$2*B56-B56^2))) -> 0.0022006317 | D56: =5*$A$3*(0.2969*SQRT(B56)-0.126*B56-0.3516*B56^2+0.2843*B56^3-0.1015*B56^4) -> 0.036058017 | E56: =IF($A$1=0, 0, IF(B56<=$A$2, ($A$1/$A$2^2) *(2*$A$2-2*B56), ($A$1/(1-$A$2)^2)*(2*$A$2-2*B56))) -> 0.14439365 | F56: =IF($A$1=0, 0, ATAN(E56)) -> 0.14340251 | G56: =B56-D56*SIN(F56) -> 0.0097971605 | H56: =C56+D56*COS(F56) -> 0.03788853 | I56: =B56+D56*SIN(F56) -> 0.020103372 | J56: =C56-D56*COS(F56) -> -0.033487267 | M56: =IF($Q$1, C56, -0.2) -> -0.2
B57: 0.015497433 | C57: =IF($A$1=0, 0, IF(B57<=$A$2, ($A$1/$A$2^2)*(2*$A$2*B57-B57^2), ($A$1/(1-$A$2)^2)*((1-2*$A$2)+2*$A$2*B57-B57^2))) -> 0.0022795831 | D57: =5*$A$3*(0.2969*SQRT(B57)-0.126*B57-0.3516*B57^2+0.2843*B57^3-0.1015*B57^4) -> 0.036670854 | E57: =IF($A$1=0, 0, IF(B57<=$A$2, ($A$1/$A$2^2) *(2*$A$2-2*B57), ($A$1/(1-$A$2)^2)*(2*$A$2-2*B57))) -> 0.14418846 | F57: =IF($A$1=0, 0, ATAN(E57)) -> 0.1432015 | G57: =B57-D57*SIN(F57) -> 0.010264041 | H57: =C57+D57*COS(F57) -> 0.038575081 | I57: =B57+D57*SIN(F57) -> 0.020730825 | J57: =C57-D57*COS(F57) -> -0.034015915 | M57: =IF($Q$1, C57, -0.2) -> -0.2
B58: 0.016054356 | C58: =IF($A$1=0, 0, IF(B58<=$A$2, ($A$1/$A$2^2)*(2*$A$2*B58-B58^2), ($A$1/(1-$A$2)^2)*((1-2*$A$2)+2*$A$2*B58-B58^2))) -> 0.0023598267 | D58: =5*$A$3*(0.2969*SQRT(B58)-0.126*B58-0.3516*B58^2+0.2843*B58^3-0.1015*B58^4) -> 0.037281979 | E58: =IF($A$1=0, 0, IF(B58<=$A$2, ($A$1/$A$2^2) *(2*$A$2-2*B58), ($A$1/(1-$A$2)^2)*(2*$A$2-2*B58))) -> 0.14397962 | F58: =IF($A$1=0, 0, ATAN(E58)) -> 0.14299691 | G58: =B58-D58*SIN(F58) -> 0.010741299 | H58: =C58+D58*COS(F58) -> 0.039261281 | I58: =B58+D58*SIN(F58) -> 0.021367413 | J58: =C58-D58*COS(F58) -> -0.034541628 | M58: =IF($Q$1, C58, -0.2) -> -0.2
B59: 0.016621029 | C59: =IF($A$1=0, 0, IF(B59<=$A$2, ($A$1/$A$2^2)*(2*$A$2*B59-B59^2), ($A$1/(1-$A$2)^2)*((1-2*$A$2)+2*$A$2*B59-B59^2))) -> 0.0024413558 | D59: =5*$A$3*(0.2969*SQRT(B59)-0.126*B59-0.3516*B59^2+0.2843*B59^3-0.1015*B59^4) -> 0.037891378 | E59: =IF($A$1=0, 0, IF(B59<=$A$2, ($A$1/$A$2^2) *(2*$A$2-2*B59), ($A$1/(1-$A$2)^2)*(2*$A$2-2*B59))) -> 0.14376711 | F59: =IF($A$1=0, 0, ATAN(E59)) -> 0.14278871 | G59: =B59-D59*SIN(F59) -> 0.011228934 | H59: =C59+D59*COS(F59) -> 0.039947113 | I59: =B59+D59*SIN(F59) -> 0.022013123 | J59: =C59-D59*COS(F59) -> -0.035064401 | M59: =IF($Q$1, C59, -0.2) -> -0.2
B60: 0.017197446 | C60: =IF($A$1=0, 0, IF(B60<=$A$2, ($A$1/$A$2^2)*(2*$A$2*B60-B60^2), ($A$1/(1-$A$2)^2)*((1-2*$A$2)+2*$A$2*B60-B60^2))) -> 0.0025241634 | D60: =5*$A$3*(0.2969*SQRT(B60)-0.126*B60-0.3516*B60^2+0.2843*B60^3-0.1015*B60^4) -> 0.038499039 | E60: =IF($A$1=0, 0, IF(B60<=$A$2, ($A$1/$A$2^2) *(2*$A$2-2*B60), ($A$1/(1-$A$2)^2)*(2*$A$2-2*B60))) -> 0.14355096 | F60: =IF($A$1=0, 0, ATAN(E60)) -> 0.14257693 | G60: =B60-D60*SIN(F60) -> 0.01172695 | H60: =C60+D60*COS(F60) -> 0.040632557 | I60: =B60+D60*SIN(F60) -> 0.022667942 | J60: =C60-D60*COS(F60) -> -0.03558423 | M60: =IF($Q$1, C60, -0.2) -> -0.2
B61: 0.017783602 | C61: =IF($A$1=0, 0, IF(B61<=$A$2, ($A$1/$A$2^2)*(2*$A$2*B61-B61^2), ($A$1/(1-$A$2)^2)*((1-2*$A$2)+2*$A$2*B61-B61^2))) -> 0.0026082422 | D61: =5*$A$3*(0.2969*SQRT(B61)-0.126*B61-0.3516*B61^2+0.2843*B61^3-0.1015*B61^4) -> 0.03910495 | E61: =IF($A$1=0, 0, IF(B61<=$A$2, ($A$1/$A$2^2) *(2*$A$2-2*B61), ($A$1/(1-$A$2)^2)*(2*$A$2-2*B61))) -> 0.14333115 | F61: =IF($A$1=0, 0, ATAN(E61)) -> 0.14236155 | G61: =B61-D61*SIN(F61) -> 0.012235346 | H61: =C61+D61*COS(F61) -> 0.041317595 | I61: =B61+D61*SIN(F61) -> 0.023331858 | J61: =C61-D61*COS(F61) -> -0.036101111 | M61: =IF($Q$1, C61, -0.2) -> -0.2
B62: 0.018379491 | C62: =IF($A$1=0, 0, IF(B62<=$A$2, ($A$1/$A$2^2)*(2*$A$2*B62-B62^2), ($A$1/(1-$A$2)^2)*((1-2*$A$2)+2*$A$2*B62-B62^2))) -> 0.0026935851 | D62: =5*$A$3*(0.2969*SQRT(B62)-0.126*B62-0.3516*B62^2+0.2843*B62^3-0.1015*B62^4) -> 0.039709099 | E62: =IF($A$1=0, 0, IF(B62<=$A$2, ($A$1/$A$2^2) *(2*$A$2-2*B62), ($A$1/(1-$A$2)^2)*(2*$A$2-2*B62))) -> 0.14310769 | F62: =IF($A$1=0, 0, ATAN(E62)) -> 0.14214258 | G62: =B62-D62*SIN(F62) -> 0.012754125 | H62: =C62+D62*COS(F62) -> 0.042002208 | I62: =B62+D62*SIN(F62) -> 0.024004857 | J62: =C62-D62*COS(F62) -> -0.036615037 | M62: =IF($Q$1, C62, -0.2) -> -0.2
... B500: 1 | C500: =IF($A$1=0, 0, IF(B500<=$A$2, ($A$1/$A$2^2)*(2*$A$2*B500-B500^2), ($A$1/(1-$A$2)^2)*((1-2*$A$2)+2*$A$2*B500-B500^2))) -> 9.2518585e-18 | D500: =5*$A$3*(0.2969*SQRT(B500)-0.126*B500-0.3516*B500^2+0.2843*B500^3-0.1015*B500^4) -> 0.002205 | E500: =IF($A$1=0, 0, IF(B500<=$A$2, ($A$1/$A$2^2) *(2*$A$2-2*B500), ($A$1/(1-$A$2)^2)*(2*$A$2-2*B500))) -> -0.1 | F500: =IF($A$1=0, 0, ATAN(E500)) -> -0.099668652 | G500: =B500-D500*SIN(F500) -> 1.0002194 | H500: =C500+D500*COS(F500) -> 0.002194057 | I500: =B500+D500*SIN(F500) -> 0.99978059 | J500: =C500-D500*COS(F500) -> -0.002194057 | M500: =IF($Q$1, C500, -0.2) -> -0.2

Sheet NACA_4-digit
A1: BACK | E1: Name | F1: =Data1!O1*1000+Data1!O2*100+Data1!O3 -> 3421
E2: Maximum Camber | F2: =IF(Data1!$P$1=1, "-", Data1!A1) -> 0.03 | H2: Leading-Edge Radius | I2: =Data1!R2 -> 0.048592473
E3: Position of Camber | F3: =IF(Data1!$P$1=1, "-", Data1!A2) -> 0.4 | H3: Trailing-Edge Angle | I3: =DEGREES(2*ATAN(1.16925*F4)) -> 27.59124
E4: Maximum Thickness | F4: =Data1!A3 -> 0.21

Sheet Data2
A1: 1000 | B1: {=1-COS((_xlfn.SEQUENCE(500,1,0,1)*PI())/(2*(500-1)))} -> 0 | C1: =IF(AND($Q$1=2, $A$3=1), 0, 5*($A$4/100)*(0.2969*SQRT(B1)-0.126*B1-0.3516*(B1^2)+0.2843*(B1^3)-0.1015*(B1^4))) -> 0 | D1: =IF($Q$1=1, IF(B1<$A$8, ($A$10/6)*((B1^3)-3*$A$8*(B1^2)+($A$8^2)*(3-$A$8)*B1), (($A$10*($A$8^3))/6)*(1-B1)), " ") -> 0 | E1: =IF($Q$1=1,IF(B1<$A$8, ($A$10/6)*(3*(B1^2)-6*$A$8*B1+($A$8^2)*(3-$A$8)), -($A$10*($A$8^3))/6), " ") -> 0.19512811 | F1: =IF($Q$1=1, ATAN(E1), " ") -> 0.19270669 | G1: =IF($Q$1=2, IF(A3<>1, IF(B1<$A$11, ($A$12/6)*((B1-$A$11)^3-$A$13*((1-$A$11)^3)*B1-($A$11^3)*B1+$A$11^3), ($A$12/6)*($A$13*(B1-$A$11)^3-$A$13*((1-$A$11)^3)*B1-($A$11^3)*B1+$A$11^3)), 0), " ") | H1: =IF($Q$1=2, IF(A3<>1, IF(B1<$A$11, ($A$12/6)*(3*(B1-$A$11)^2-$A$13*((1-$A$11)^3)-($A$11^3)), ($A$12/6)*(3*$A$13*(B1-$A$11)^2-$A$13*((1-$A$11)^3)-($A$11^3))),0 ), " ") | I1: =IF($Q$1=2, IF(A3<>1, ATAN(H1), 0), " ") | J1: =IF($Q$1=1, D1, G1) -> 0 | K1: =IF($Q$1=1, F1, I1) -> 0.19270669 | L1: =B1-C1*SIN(K1) -> 0 | M1: =J1+C1*COS(K1) -> 0 | N1: =B1+C1*SIN(K1) -> 0 | O1: =J1-C1*COS(K1) -> 0 | P1: 0.2 | Q1: 1 | R1: =IF($T$1, J1, -0.2) -> -0.2 | T1: FALSE | U1: =ATAN(K1) -> 0.19037303 | V1: {=_xlfn.SEQUENCE(50, 1, 0, (2*PI())/(50-1))} -> 0 | W1: =$U$2*(COS($U$1)+COS(V1)) -> 0.031447203 | X1: =IF($T$2, $U$2*(SIN($U$1)+SIN(V1)), -0.2) -> -0.2
A2: 1 | B2: 4.9545967e-06 | C2: =IF(AND($Q$1=2, $A$3=1), 0, 5*($A$4/100)*(0.2969*SQRT(B2)-0.126*B2-0.3516*(B2^2)+0.2843*(B2^3)-0.1015*(B2^4))) -> 0.00039614589 | D2: =IF($Q$1=1, IF(B2<$A$8, ($A$10/6)*((B2^3)-3*$A$8*(B2^2)+($A$8^2)*(3-$A$8)*B2), (($A$10*($A$8^3))/6)*(1-B2)), " ") -> 9.6674141e-07 | E2: =IF($Q$1=1,IF(B2<$A$8, ($A$10/6)*(3*(B2^2)-6*$A$8*B2+($A$8^2)*(3-$A$8)), -($A$10*($A$8^3))/6), " ") -> 0.19511209 | F2: =IF($Q$1=1, ATAN(E2), " ") -> 0.19269126 | G2: =IF($Q$1=2, IF(A4<>1, IF(B2<$A$11, ($A$12/6)*((B2-$A$11)^3-$A$13*((1-$A$11)^3)*B2-($A$11^3)*B2+$A$11^3), ($A$12/6)*($A$13*(B2-$A$11)^3-$A$13*((1-$A$11)^3)*B2-($A$11^3)*B2+$A$11^3)), 0), " ") | H2: =IF($Q$1=2, IF(A4<>1, IF(B2<$A$11, ($A$12/6)*(3*(B2-$A$11)^2-$A$13*((1-$A$11)^3)-($A$11^3)), ($A$12/6)*(3*$A$13*(B2-$A$11)^2-$A$13*((1-$A$11)^3)-($A$11^3))),0 ), " ") | I2: =IF($Q$1=2, IF(A4<>1, ATAN(H2), 0), " ") | J2: =IF($Q$1=1, D2, G2) -> 9.6674141e-07 | K2: =IF($Q$1=1, F2, I2) -> 0.19269126 | L2: =B2-C2*SIN(K2) -> -7.0907752e-05 | M2: =J2+C2*COS(K2) -> 0.00038978092 | N2: =B2+C2*SIN(K2) -> 8.0816945e-05 | O2: =J2-C2*COS(K2) -> -0.00038784744 | P2: =P1-(P1-P1*SQRT(P1/3)-$A$5)/(1-SQRT(3*P1)/2) -> 0.12107052 | R2: =IF($T$1, J2, -0.2) -> -0.2 | T2: FALSE | U2: =(0.2969^2/2)*(A7/0.2)^2 -> 0.01586693 | V2: 0.12822827 | W2: =$U$2*(COS($U$1)+COS(V2)) -> 0.031316936 | X2: =IF($T$2, $U$2*(SIN($U$1)+SIN(V2)), -0.2) -> -0.2
A3: 2 | B3: 1.9818338e-05 | C3: =IF(AND($Q$1=2, $A$3=1), 0, 5*($A$4/100)*(0.2969*SQRT(B3)-0.126*B3-0.3516*(B3^2)+0.2843*(B3^3)-0.1015*(B3^4))) -> 0.00079154159 | D3: =IF($Q$1=1, IF(B3<$A$8, ($A$10/6)*((B3^3)-3*$A$8*(B3^2)+($A$8^2)*(3-$A$8)*B3), (($A$10*($A$8^3))/6)*(1-B3)), " ") -> 3.8664799e-06 | E3: =IF($Q$1=1,IF(B3<$A$8, ($A$10/6)*(3*(B3^2)-6*$A$8*B3+($A$8^2)*(3-$A$8)), -($A$10*($A$8^3))/6), " ") -> 0.19506404 | F3: =IF($Q$1=1, ATAN(E3), " ") -> 0.19264497 | G3: =IF($Q$1=2, IF(A5<>1, IF(B3<$A$11, ($A$12/6)*((B3-$A$11)^3-$A$13*((1-$A$11)^3)*B3-($A$11^3)*B3+$A$11^3), ($A$12/6)*($A$13*(B3-$A$11)^3-$A$13*((1-$A$11)^3)*B3-($A$11^3)*B3+$A$11^3)), 0), " ") | H3: =IF($Q$1=2, IF(A5<>1, IF(B3<$A$11, ($A$12/6)*(3*(B3-$A$11)^2-$A$13*((1-$A$11)^3)-($A$11^3)), ($A$12/6)*(3*$A$13*(B3-$A$11)^2-$A$13*((1-$A$11)^3)-($A$11^3))),0 ), " ") | I3: =IF($Q$1=2, IF(A5<>1, ATAN(H3), 0), " ") | J3: =IF($Q$1=1, D3, G3) -> 3.8664799e-06 | K3: =IF($Q$1=1, F3, I3) -> 0.19264497 | L3: =B3-C3*SIN(K3) -> -0.00013172674 | M3: =J3+C3*COS(K3) -> 0.00078076556 | N3: =B3+C3*SIN(K3) -> 0.00017136341 | O3: =J3-C3*COS(K3) -> -0.0007730326 | P3: =P2-(P2-P2*SQRT(P2/3)-$A$5)/(1-SQRT(3*P2)/2) -> 0.12572418 | R3: =IF($T$1, J3, -0.2) -> -0.2 | V3: 0.25645654 | W3: =$U$2*(COS($U$1)+COS(V3)) -> 0.030928273 | X3: =IF($T$2, $U$2*(SIN($U$1)+SIN(V3)), -0.2) -> -0.2
A4: 12 | B4: 4.4591076e-05 | C4: =IF(AND($Q$1=2, $A$3=1), 0, 5*($A$4/100)*(0.2969*SQRT(B4)-0.126*B4-0.3516*(B4^2)+0.2843*(B4^3)-0.1015*(B4^4))) -> 0.0011861859 | D4: =IF($Q$1=1, IF(B4<$A$8, ($A$10/6)*((B4^3)-3*$A$8*(B4^2)+($A$8^2)*(3-$A$8)*B4), (($A$10*($A$8^3))/6)*(1-B4)), " ") -> 8.6977585e-06 | E4: =IF($Q$1=1,IF(B4<$A$8, ($A$10/6)*(3*(B4^2)-6*$A$8*B4+($A$8^2)*(3-$A$8)), -($A$10*($A$8^3))/6), " ") -> 0.19498397 | F4: =IF($Q$1=1, ATAN(E4), " ") -> 0.19256783 | G4: =IF($Q$1=2, IF(A6<>1, IF(B4<$A$11, ($A$12/6)*((B4-$A$11)^3-$A$13*((1-$A$11)^3)*B4-($A$11^3)*B4+$A$11^3), ($A$12/6)*($A$13*(B4-$A$11)^3-$A$13*((1-$A$11)^3)*B4-($A$11^3)*B4+$A$11^3)), 0), " ") | H4: =IF($Q$1=2, IF(A6<>1, IF(B4<$A$11, ($A$12/6)*(3*(B4-$A$11)^2-$A$13*((1-$A$11)^3)-($A$11^3)), ($A$12/6)*(3*$A$13*(B4-$A$11)^2-$A$13*((1-$A$11)^3)-($A$11^3))),0 ), " ") | I4: =IF($Q$1=2, IF(A6<>1, ATAN(H4), 0), " ") | J4: =IF($Q$1=1, D4, G4) -> 8.6977585e-06 | K4: =IF($Q$1=1, F4, I4) -> 0.19256783 | L4: =B4-C4*SIN(K4) -> -0.00018242107 | M4: =J4+C4*COS(K4) -> 0.0011729583 | N4: =B4+C4*SIN(K4) -> 0.00027160322 | O4: =J4-C4*COS(K4) -> -0.0011555628 | P4: =P3-(P3-P3*SQRT(P3/3)-$A$5)/(1-SQRT(3*P3)/2) -> 0.12574351 | R4: =IF($T$1, J4, -0.2) -> -0.2 | V4: 0.38468481 | W4: =$U$2*(COS($U$1)+COS(V4)) -> 0.030287596 | X4: =IF($T$2, $U$2*(SIN($U$1)+SIN(V4)), -0.2) -> -0.2
A5: =0.05*$A$3 -> 0.1 | B5: 7.9272565e-05 | C5: =IF(AND($Q$1=2, $A$3=1), 0, 5*($A$4/100)*(0.2969*SQRT(B5)-0.126*B5-0.3516*(B5^2)+0.2843*(B5^3)-0.1015*(B5^4))) -> 0.0015800777 | D5: =IF($Q$1=1, IF(B5<$A$8, ($A$10/6)*((B5^3)-3*$A$8*(B5^2)+($A$8^2)*(3-$A$8)*B5), (($A$10*($A$8^3))/6)*(1-B5)), " ") -> 1.5458149e-05 | E5: =IF($Q$1=1,IF(B5<$A$8, ($A$10/6)*(3*(B5^2)-6*$A$8*B5+($A$8^2)*(3-$A$8)), -($A$10*($A$8^3))/6), " ") -> 0.1948719 | F5: =IF($Q$1=1, ATAN(E5), " ") -> 0.19245986 | G5: =IF($Q$1=2, IF(A7<>1, IF(B5<$A$11, ($A$12/6)*((B5-$A$11)^3-$A$13*((1-$A$11)^3)*B5-($A$11^3)*B5+$A$11^3), ($A$12/6)*($A$13*(B5-$A$11)^3-$A$13*((1-$A$11)^3)*B5-($A$11^3)*B5+$A$11^3)), 0), " ") | H5: =IF($Q$1=2, IF(A7<>1, IF(B5<$A$11, ($A$12/6)*(3*(B5-$A$11)^2-$A$13*((1-$A$11)^3)-($A$11^3)), ($A$12/6)*(3*$A$13*(B5-$A$11)^2-$A$13*((1-$A$11)^3)-($A$11^3))),0 ), " ") | I5: =IF($Q$1=2, IF(A7<>1, ATAN(H5), 0), " ") | J5: =IF($Q$1=1, D5, G5) -> 1.5458149e-05 | K5: =IF($Q$1=1, F5, I5) -> 0.19245986 | L5: =B5-C5*SIN(K5) -> -0.00022295509 | M5: =J5+C5*COS(K5) -> 0.0015663624 | N5: =B5+C5*SIN(K5) -> 0.00038150022 | O5: =J5-C5*COS(K5) -> -0.0015354461 | P5: =P4-(P4-P4*SQRT(P4/3)-$A$5)/(1-SQRT(3*P4)/2) -> 0.12574351 | R5: =IF($T$1, J5, -0.2) -> -0.2 | V5: 0.51291309 | W5: =$U$2*(COS($U$1)+COS(V5)) -> 0.029405426 | X5: =IF($T$2, $U$2*(SIN($U$1)+SIN(V5)), -0.2) -> -0.2
A6: =IF(Q1=1, A2/100, 0.02) -> 0.01 | B6: 0.00012386246 | C6: =IF(AND($Q$1=2, $A$3=1), 0, 5*($A$4/100)*(0.2969*SQRT(B6)-0.126*B6-0.3516*(B6^2)+0.2843*(B6^3)-0.1015*(B6^4))) -> 0.0019732154 | D6: =IF($Q$1=1, IF(B6<$A$8, ($A$10/6)*((B6^3)-3*$A$8*(B6^2)+($A$8^2)*(3-$A$8)*B6), (($A$10*($A$8^3))/6)*(1-B6)), " ") -> 2.4144256e-05 | E6: =IF($Q$1=1,IF(B6<$A$8, ($A$10/6)*(3*(B6^2)-6*$A$8*B6+($A$8^2)*(3-$A$8)), -($A$10*($A$8^3))/6), " ") -> 0.19472785 | F6: =IF($Q$1=1, ATAN(E6), " ") -> 0.19232109 | G6: =IF($Q$1=2, IF(A8<>1, IF(B6<$A$11, ($A$12/6)*((B6-$A$11)^3-$A$13*((1-$A$11)^3)*B6-($A$11^3)*B6+$A$11^3), ($A$12/6)*($A$13*(B6-$A$11)^3-$A$13*((1-$A$11)^3)*B6-($A$11^3)*B6+$A$11^3)), 0), " ") | H6: =IF($Q$1=2, IF(A8<>1, IF(B6<$A$11, ($A$12/6)*(3*(B6-$A$11)^2-$A$13*((1-$A$11)^3)-($A$11^3)), ($A$12/6)*(3*$A$13*(B6-$A$11)^2-$A$13*((1-$A$11)^3)-($A$11^3))),0 ), " ") | I6: =IF($Q$1=2, IF(A8<>1, ATAN(H6), 0), " ") | J6: =IF($Q$1=1, D6, G6) -> 2.4144256e-05 | K6: =IF($Q$1=1, F6, I6) -> 0.19232109 | L6: =B6-C6*SIN(K6) -> -0.00025329339 | M6: =J6+C6*COS(K6) -> 0.00196098 | N6: =B6+C6*SIN(K6) -> 0.00050101832 | O6: =J6-C6*COS(K6) -> -0.0019126915 | P6: =P5-(P5-P5*SQRT(P5/3)-$A$5)/(1-SQRT(3*P5)/2) -> 0.12574351 | R6: =IF($T$1, J6, -0.2) -> -0.2 | V6: 0.64114136 | W6: =$U$2*(COS($U$1)+COS(V6)) -> 0.028296247 | X6: =IF($T$2, $U$2*(SIN($U$1)+SIN(V6)), -0.2) -> -0.2
A7: =A4/100 -> 0.12 | B7: 0.00017836033 | C7: =IF(AND($Q$1=2, $A$3=1), 0, 5*($A$4/100)*(0.2969*SQRT(B7)-0.126*B7-0.3516*(B7^2)+0.2843*(B7^3)-0.1015*(B7^4))) -> 0.0023655976 | D7: =IF($Q$1=1, IF(B7<$A$8, ($A$10/6)*((B7^3)-3*$A$8*(B7^2)+($A$8^2)*(3-$A$8)*B7), (($A$10*($A$8^3))/6)*(1-B7)), " ") -> 3.4751712e-05 | E7: =IF($Q$1=1,IF(B7<$A$8, ($A$10/6)*(3*(B7^2)-6*$A$8*B7+($A$8^2)*(3-$A$8)), -($A$10*($A$8^3))/6), " ") -> 0.19455187 | F7: =IF($Q$1=1, ATAN(E7), " ") -> 0.19215153 | G7: =IF($Q$1=2, IF(A9<>1, IF(B7<$A$11, ($A$12/6)*((B7-$A$11)^3-$A$13*((1-$A$11)^3)*B7-($A$11^3)*B7+$A$11^3), ($A$12/6)*($A$13*(B7-$A$11)^3-$A$13*((1-$A$11)^3)*B7-($A$11^3)*B7+$A$11^3)), 0), " ") | H7: =IF($Q$1=2, IF(A9<>1, IF(B7<$A$11, ($A$12/6)*(3*(B7-$A$11)^2-$A$13*((1-$A$11)^3)-($A$11^3)), ($A$12/6)*(3*$A$13*(B7-$A$11)^2-$A$13*((1-$A$11)^3)-($A$11^3))),0 ), " ") | I7: =IF($Q$1=2, IF(A9<>1, ATAN(H7), 0), " ") | J7: =IF($Q$1=1, D7, G7) -> 3.4751712e-05 | K7: =IF($Q$1=1, F7, I7) -> 0.19215153 | L7: =B7-C7*SIN(K7) -> -0.00027340084 | M7: =J7+C7*COS(K7) -> 0.002356812 | N7: =B7+C7*SIN(K7) -> 0.0006301215 | O7: =J7-C7*COS(K7) -> -0.0022873086 | P7: =P6-(P6-P6*SQRT(P6/3)-$A$5)/(1-SQRT(3*P6)/2) -> 0.12574351 | R7: =IF($T$1, J7, -0.2) -> -0.2 | V7: 0.76936963 | W7: =$U$2*(COS($U$1)+COS(V7)) -> 0.026978272 | X7: =IF($T$2, $U$2*(SIN($U$1)+SIN(V7)), -0.2) -> -0.2
A8: =IF(Q1=1, IF(A3=1, 0.058, IF(A3=2, 0.126, IF(A3=3, 0.2025, IF(A3=4, 0.29, 0.391)))), 0) -> 0.126 | B8: 0.00024276562 | C8: =IF(AND($Q$1=2, $A$3=1), 0, 5*($A$4/100)*(0.2969*SQRT(B8)-0.126*B8-0.3516*(B8^2)+0.2843*(B8^3)-0.1015*(B8^4))) -> 0.0027572227 | D8: =IF($Q$1=1, IF(B8<$A$8, ($A$10/6)*((B8^3)-3*$A$8*(B8^2)+($A$8^2)*(3-$A$8)*B8), (($A$10*($A$8^3))/6)*(1-B8)), " ") -> 4.7275186e-05 | E8: =IF($Q$1=1,IF(B8<$A$8, ($A$10/6)*(3*(B8^2)-6*$A$8*B8+($A$8^2)*(3-$A$8)), -($A$10*($A$8^3))/6), " ") -> 0.19434399 | F8: =IF($Q$1=1, ATAN(E8), " ") -> 0.19195122 | G8: =IF($Q$1=2, IF(A10<>1, IF(B8<$A$11, ($A$12/6)*((B8-$A$11)^3-$A$13*((1-$A$11)^3)*B8-($A$11^3)*B8+$A$11^3), ($A$12/6)*($A$13*(B8-$A$11)^3-$A$13*((1-$A$11)^3)*B8-($A$11^3)*B8+$A$11^3)), 0), " ") | H8: =IF($Q$1=2, IF(A10<>1, IF(B8<$A$11, ($A$12/6)*(3*(B8-$A$11)^2-$A$13*((1-$A$11)^3)-($A$11^3)), ($A$12/6)*(3*$A$13*(B8-$A$11)^2-$A$13*((1-$A$11)^3)-($A$11^3))),0 ), " ") | I8: =IF($Q$1=2, IF(A10<>1, ATAN(H8), 0), " ") | J8: =IF($Q$1=1, D8, G8) -> 4.7275186e-05 | K8: =IF($Q$1=1, F8, I8) -> 0.19195122 | L8: =B8-C8*SIN(K8) -> -0.00028324256 | M8: =J8+C8*COS(K8) -> 0.0027538584 | N8: =B8+C8*SIN(K8) -> 0.00076877379 | O8: =J8-C8*COS(K8) -> -0.002659308 | P8: =P7-(P7-P7*SQRT(P7/3)-$A$5)/(1-SQRT(3*P7)/2) -> 0.12574351 | R8: =IF($T$1, J8, -0.2) -> -0.2 | V8: 0.8975979 | W8: =$U$2*(COS($U$1)+COS(V8)) -> 0.025473142 | X8: =IF($T$2, $U$2*(SIN($U$1)+SIN(V8)), -0.2) -> -0.2
A9: =IF(Q1=1, (3*A8-7*A8^2+8*A8^3-4*A8^4)/SQRT(A8-A8^2)-1.5*(1-2*A8)*(PI()/2-ASIN(1-2*A8)), 0) -> 0.035075129 | B9: 0.00031707769 | C9: =IF(AND($Q$1=2, $A$3=1), 0, 5*($A$4/100)*(0.2969*SQRT(B9)-0.126*B9-0.3516*(B9^2)+0.2843*(B9^3)-0.1015*(B9^4))) -> 0.0031480889 | D9: =IF($Q$1=1, IF(B9<$A$8, ($A$10/6)*((B9^3)-3*$A$8*(B9^2)+($A$8^2)*(3-$A$8)*B9), (($A$10*($A$8^3))/6)*(1-B9)), " ") -> 6.1708384e-05 | E9: =IF($Q$1=1,IF(B9<$A$8, ($A$10/6)*(3*(B9^2)-6*$A$8*B9+($A$8^2)*(3-$A$8)), -($A$10*($A$8^3))/6), " ") -> 0.19410427 | F9: =IF($Q$1=1, ATAN(E9), " ") -> 0.19172021 | G9: =IF($Q$1=2, IF(A11<>1, IF(B9<$A$11, ($A$12/6)*((B9-$A$11)^3-$A$13*((1-$A$11)^3)*B9-($A$11^3)*B9+$A$11^3), ($A$12/6)*($A$13*(B9-$A$11)^3-$A$13*((1-$A$11)^3)*B9-($A$11^3)*B9+$A$11^3)), 0), " ") | H9: =IF($Q$1=2, IF(A11<>1, IF(B9<$A$11, ($A$12/6)*(3*(B9-$A$11)^2-$A$13*((1-$A$11)^3)-($A$11^3)), ($A$12/6)*(3*$A$13*(B9-$A$11)^2-$A$13*((1-$A$11)^3)-($A$11^3))),0 ), " ") | I9: =IF($Q$1=2, IF(A11<>1, ATAN(H9), 0), " ") | J9: =IF($Q$1=1, D9, G9) -> 6.1708384e-05 | K9: =IF($Q$1=1, F9, I9) -> 0.19172021 | L9: =B9-C9*SIN(K9) -> -0.00028278395 | M9: =J9+C9*COS(K9) -> 0.0031521177 | N9: =B9+C9*SIN(K9) -> 0.00091693933 | O9: =J9-C9*COS(K9) -> -0.0030287009 | P9: =P8-(P8-P8*SQRT(P8/3)-$A$5)/(1-SQRT(3*P8)/2) -> 0.12574351 | R9: =IF($T$1, J9, -0.2) -> -0.2 | V9: 1.0258262 | W9: =$U$2*(COS($U$1)+COS(V9)) -> 0.023805572 | X9: =IF($T$2, $U$2*(SIN($U$1)+SIN(V9)), -0.2) -> -0.2
A10: =IF(Q1=1, (6*0.15*A2)/A9, 0) -> 25.659207 | B10: 0.00040129582 | C10: =IF(AND($Q$1=2, $A$3=1), 0, 5*($A$4/100)*(0.2969*SQRT(B10)-0.126*B10-0.3516*(B10^2)+0.2843*(B10^3)-0.1015*(B10^4))) -> 0.0035381943 | D10: =IF($Q$1=1, IF(B10<$A$8, ($A$10/6)*((B10^3)-3*$A$8*(B10^2)+($A$8^2)*(3-$A$8)*B10), (($A$10*($A$8^3))/6)*(1-B10)), " ") -> 7.8044048e-05 | E10: =IF($Q$1=1,IF(B10<$A$8, ($A$10/6)*(3*(B10^2)-6*$A$8*B10+($A$8^2)*(3-$A$8)), -($A$10*($A$8^3))/6), " ") -> 0.19383276 | F10: =IF($Q$1=1, ATAN(E10), " ") -> 0.19145855 | G10: =IF($Q$1=2, IF(A12<>1, IF(B10<$A$11, ($A$12/6)*((B10-$A$11)^3-$A$13*((1-$A$11)^3)*B10-($A$11^3)*B10+$A$11^3), ($A$12/6)*($A$13*(B10-$A$11)^3-$A$13*((1-$A$11)^3)*B10-($A$11^3)*B10+$A$11^3)), 0), " ") | H10: =IF($Q$1=2, IF(A12<>1, IF(B10<$A$11, ($A$12/6)*(3*(B10-$A$11)^2-$A$13*((1-$A$11)^3)-($A$11^3)), ($A$12/6)*(3*$A$13*(B10-$A$11)^2-$A$13*((1-$A$11)^3)-($A$11^3))),0 ), " ") | I10: =IF($Q$1=2, IF(A12<>1, ATAN(H10), 0), " ") | J10: =IF($Q$1=1, D10, G10) -> 7.8044048e-05 | K10: =IF($Q$1=1, F10, I10) -> 0.19145855 | L10: =B10-C10*SIN(K10) -> -0.00027199071 | M10: =J10+C10*COS(K10) -> 0.0035515876 | N10: =B10+C10*SIN(K10) -> 0.0010745824 | O10: =J10-C10*COS(K10) -> -0.0033954995 | P10: =P9-(P9-P9*SQRT(P9/3)-$A$5)/(1-SQRT(3*P9)/2) -> 0.12574351 | R10: =IF($T$1, J10, -0.2) -> -0.2 | V10: 1.1540544 | W10: =$U$2*(COS($U$1)+COS(V10)) -> 0.022002942 | X10: =IF($T$2, $U$2*(SIN($U$1)+SIN(V10)), -0.2) -> -0.2
A11: =IF(Q1=2, IF(A3=2, 0.13, IF(A3=3, 0.217, IF(A3=4, 0.318, IF(A3=5, 0.441, 0)))), 0) -> 0 | B11: 0.00049541917 | C11: =IF(AND($Q$1=2, $A$3=1), 0, 5*($A$4/100)*(0.2969*SQRT(B11)-0.126*B11-0.3516*(B11^2)+0.2843*(B11^3)-0.1015*(B11^4))) -> 0.0039275371 | D11: =IF($Q$1=1, IF(B11<$A$8, ($A$10/6)*((B11^3)-3*$A$8*(B11^2)+($A$8^2)*(3-$A$8)*B11), (($A$10*($A$8^3))/6)*(1-B11)), " ") -> 9.6273964e-05 | E11: =IF($Q$1=1,IF(B11<$A$8, ($A$10/6)*(3*(B11^2)-6*$A$8*B11+($A$8^2)*(3-$A$8)), -($A$10*($A$8^3))/6), " ") -> 0.19352954 | F11: =IF($Q$1=1, ATAN(E11), " ") -> 0.19116629 | G11: =IF($Q$1=2, IF(A13<>1, IF(B11<$A$11, ($A$12/6)*((B11-$A$11)^3-$A$13*((1-$A$11)^3)*B11-($A$11^3)*B11+$A$11^3), ($A$12/6)*($A$13*(B11-$A$11)^3-$A$13*((1-$A$11)^3)*B11-($A$11^3)*B11+$A$11^3)), 0), " ") | H11: =IF($Q$1=2, IF(A13<>1, IF(B11<$A$11, ($A$12/6)*(3*(B11-$A$11)^2-$A$13*((1-$A$11)^3)-($A$11^3)), ($A$12/6)*(3*$A$13*(B11-$A$11)^2-$A$13*((1-$A$11)^3)-($A$11^3))),0 ), " ") | I11: =IF($Q$1=2, IF(A13<>1, ATAN(H11), 0), " ") | J11: =IF($Q$1=1, D11, G11) -> 9.6273964e-05 | K11: =IF($Q$1=1, F11, I11) -> 0.19116629 | L11: =B11-C11*SIN(K11) -> -0.00025082886 | M11: =J11+C11*COS(K11) -> 0.0039522643 | N11: =B11+C11*SIN(K11) -> 0.0012416672 | O11: =J11-C11*COS(K11) -> -0.0037597164 | P11: =P10-(P10-P10*SQRT(P10/3)-$A$5)/(1-SQRT(3*P10)/2) -> 0.12574351 | R11: =IF($T$1, J11, -0.2) -> -0.2 | V11: 1.2822827 | W11: =$U$2*(COS($U$1)+COS(V11)) -> 0.020094853 | X11: =IF($T$2, $U$2*(SIN($U$1)+SIN(V11)), -0.2) -> -0.2
A12: =IF(Q1=2, IF(A3=2, 51.99, IF(A3=3, 15.793, IF(A3=4, 6.52, IF(A3=5, 3.191,0)))), 0) -> 0 | B12: 0.0005994468 | C12: =IF(AND($Q$1=2, $A$3=1), 0, 5*($A$4/100)*(0.2969*SQRT(B12)-0.126*B12-0.3516*(B12^2)+0.2843*(B12^3)-0.1015*(B12^4))) -> 0.004316115 | D12: =IF($Q$1=1, IF(B12<$A$8, ($A$10/6)*((B12^3)-3*$A$8*(B12^2)+($A$8^2)*(3-$A$8)*B12), (($A$10*($A$8^3))/6)*(1-B12)), " ") -> 0.00011638896 | E12: =IF($Q$1=1,IF(B12<$A$8, ($A$10/6)*(3*(B12^2)-6*$A$8*B12+($A$8^2)*(3-$A$8)), -($A$10*($A$8^3))/6), " ") -> 0.19319467 | F12: =IF($Q$1=1, ATAN(E12), " ") -> 0.19084349 | G12: =IF($Q$1=2, IF(A14<>1, IF(B12<$A$11, ($A$12/6)*((B12-$A$11)^3-$A$13*((1-$A$11)^3)*B12-($A$11^3)*B12+$A$11^3), ($A$12/6)*($A$13*(B12-$A$11)^3-$A$13*((1-$A$11)^3)*B12-($A$11^3)*B12+$A$11^3)), 0), " ") | H12: =IF($Q$1=2, IF(A14<>1, IF(B12<$A$11, ($A$12/6)*(3*(B12-$A$11)^2-$A$13*((1-$A$11)^3)-($A$11^3)), ($A$12/6)*(3*$A$13*(B12-$A$11)^2-$A$13*((1-$A$11)^3)-($A$11^3))),0 ), " ") | I12: =IF($Q$1=2, IF(A14<>1, ATAN(H12), 0), " ") | J12: =IF($Q$1=1, D12, G12) -> 0.00011638896 | K12: =IF($Q$1=1, F12, I12) -> 0.19084349 | L12: =B12-C12*SIN(K12) -> -0.00021926473 | M12: =J12+C12*COS(K12) -> 0.0043541431 | N12: =B12+C12*SIN(K12) -> 0.0014181583 | O12: =J12-C12*COS(K12) -> -0.0041213652 | P12: =P11-(P11-P11*SQRT(P11/3)-$A$5)/(1-SQRT(3*P11)/2) -> 0.12574351 | R12: =IF($T$1, J12, -0.2) -> -0.2 | V12: 1.410511 | W12: =$U$2*(COS($U$1)+COS(V12)) -> 0.018112634 | X12: =IF($T$2, $U$2*(SIN($U$1)+SIN(V12)), -0.2) -> -0.2
A13: =IF(Q1=2, IF(A3<>1, IF(A3=2, 0.000764,IF(A3=3, 0.00677,IF(A3=4, 0.0303, 0.1355))), 0), 0) -> 0 | B13: 0.00071337768 | C13: =IF(AND($Q$1=2, $A$3=1), 0, 5*($A$4/100)*(0.2969*SQRT(B13)-0.126*B13-0.3516*(B13^2)+0.2843*(B13^3)-0.1015*(B13^4))) -> 0.0047039259 | D13: =IF($Q$1=1, IF(B13<$A$8, ($A$10/6)*((B13^3)-3*$A$8*(B13^2)+($A$8^2)*(3-$A$8)*B13), (($A$10*($A$8^3))/6)*(1-B13)), " ") -> 0.00013837893 | E13: =IF($Q$1=1,IF(B13<$A$8, ($A$10/6)*(3*(B13^2)-6*$A$8*B13+($A$8^2)*(3-$A$8)), -($A$10*($A$8^3))/6), " ") -> 0.19282825 | F13: =IF($Q$1=1, ATAN(E13), " ") -> 0.19049023 | G13: =IF($Q$1=2, IF(A15<>1, IF(B13<$A$11, ($A$12/6)*((B13-$A$11)^3-$A$13*((1-$A$11)^3)*B13-($A$11^3)*B13+$A$11^3), ($A$12/6)*($A$13*(B13-$A$11)^3-$A$13*((1-$A$11)^3)*B13-($A$11^3)*B13+$A$11^3)), 0), " ") | H13: =IF($Q$1=2, IF(A15<>1, IF(B13<$A$11, ($A$12/6)*(3*(B13-$A$11)^2-$A$13*((1-$A$11)^3)-($A$11^3)), ($A$12/6)*(3*$A$13*(B13-$A$11)^2-$A$13*((1-$A$11)^3)-($A$11^3))),0 ), " ") | I13: =IF($Q$1=2, IF(A15<>1, ATAN(H13), 0), " ") | J13: =IF($Q$1=1, D13, G13) -> 0.00013837893 | K13: =IF($Q$1=1, F13, I13) -> 0.19049023 | L13: =B13-C13*SIN(K13) -> -0.00017726497 | M13: =J13+C13*COS(K13) -> 0.0047572181 | N13: =B13+C13*SIN(K13) -> 0.0016040203 | O13: =J13-C13*COS(K13) -> -0.0044804602 | P13: =P12-(P12-P12*SQRT(P12/3)-$A$5)/(1-SQRT(3*P12)/2) -> 0.12574351 | R13: =IF($T$1, J13, -0.2) -> -0.2 | V13: 1.5387393 | W13: =$U$2*(COS($U$1)+COS(V13)) -> 0.016088833 | X13: =IF($T$2, $U$2*(SIN($U$1)+SIN(V13)), -0.2) -> -0.2
A14: =IF(Q1=2, 0.3, 0.15*A2) -> 0.15 | B14: 0.00083721069 | C14: =IF(AND($Q$1=2, $A$3=1), 0, 5*($A$4/100)*(0.2969*SQRT(B14)-0.126*B14-0.3516*(B14^2)+0.2843*(B14^3)-0.1015*(B14^4))) -> 0.0050909675 | D14: =IF($Q$1=1, IF(B14<$A$8, ($A$10/6)*((B14^3)-3*$A$8*(B14^2)+($A$8^2)*(3-$A$8)*B14), (($A$10*($A$8^3))/6)*(1-B14)), " ") -> 0.00016223279 | E14: =IF($Q$1=1,IF(B14<$A$8, ($A$10/6)*(3*(B14^2)-6*$A$8*B14+($A$8^2)*(3-$A$8)), -($A$10*($A$8^3))/6), " ") -> 0.19243035 | F14: =IF($Q$1=1, ATAN(E14), " ") -> 0.19010657 | G14: =IF($Q$1=2, IF(A16<>1, IF(B14<$A$11, ($A$12/6)*((B14-$A$11)^3-$A$13*((1-$A$11)^3)*B14-($A$11^3)*B14+$A$11^3), ($A$12/6)*($A$13*(B14-$A$11)^3-$A$13*((1-$A$11)^3)*B14-($A$11^3)*B14+$A$11^3)), 0), " ") | H14: =IF($Q$1=2, IF(A16<>1, IF(B14<$A$11, ($A$12/6)*(3*(B14-$A$11)^2-$A$13*((1-$A$11)^3)-($A$11^3)), ($A$12/6)*(3*$A$13*(B14-$A$11)^2-$A$13*((1-$A$11)^3)-($A$11^3))),0 ), " ") | I14: =IF($Q$1=2, IF(A16<>1, ATAN(H14), 0), " ") | J14: =IF($Q$1=1, D14, G14) -> 0.00016223279 | K14: =IF($Q$1=1, F14, I14) -> 0.19010657 | L14: =B14-C14*SIN(K14) -> -0.00012479659 | M14: =J14+C14*COS(K14) -> 0.005161482 | N14: =B14+C14*SIN(K14) -> 0.001799218 | O14: =J14-C14*COS(K14) -> -0.0048370164 | P14: =P13-(P13-P13*SQRT(P13/3)-$A$5)/(1-SQRT(3*P13)/2) -> 0.12574351 | R14: =IF($T$1, J14, -0.2) -> -0.2 | V14: 1.6669675 | W14: =$U$2*(COS($U$1)+COS(V14)) -> 0.014056683 | X14: =IF($T$2, $U$2*(SIN($U$1)+SIN(V14)), -0.2) -> -0.2
B15: 0.00097094459 | C15: =IF(AND($Q$1=2, $A$3=1), 0, 5*($A$4/100)*(0.2969*SQRT(B15)-0.126*B15-0.3516*(B15^2)+0.2843*(B15^3)-0.1015*(B15^4))) -> 0.0054772374 | D15: =IF($Q$1=1, IF(B15<$A$8, ($A$10/6)*((B15^3)-3*$A$8*(B15^2)+($A$8^2)*(3-$A$8)*B15), (($A$10*($A$8^3))/6)*(1-B15)), " ") -> 0.00018793854 | E15: =IF($Q$1=1,IF(B15<$A$8, ($A$10/6)*(3*(B15^2)-6*$A$8*B15+($A$8^2)*(3-$A$8)), -($A$10*($A$8^3))/6), " ") -> 0.19200108 | F15: =IF($Q$1=1, ATAN(E15), " ") -> 0.1896926 | G15: =IF($Q$1=2, IF(A17<>1, IF(B15<$A$11, ($A$12/6)*((B15-$A$11)^3-$A$13*((1-$A$11)^3)*B15-($A$11^3)*B15+$A$11^3), ($A$12/6)*($A$13*(B15-$A$11)^3-$A$13*((1-$A$11)^3)*B15-($A$11^3)*B15+$A$11^3)), 0), " ") | H15: =IF($Q$1=2, IF(A17<>1, IF(B15<$A$11, ($A$12/6)*(3*(B15-$A$11)^2-$A$13*((1-$A$11)^3)-($A$11^3)), ($A$12/6)*(3*$A$13*(B15-$A$11)^2-$A$13*((1-$A$11)^3)-($A$11^3))),0 ), " ") | I15: =IF($Q$1=2, IF(A17<>1, ATAN(H15), 0), " ") | J15: =IF($Q$1=1, D15, G15) -> 0.00018793854 | K15: =IF($Q$1=1, F15, I15) -> 0.1896926 | L15: =B15-C15*SIN(K15) -> -6.1826937e-05 | M15: =J15+C15*COS(K15) -> 0.0055669266 | N15: =B15+C15*SIN(K15) -> 0.0020037161 | O15: =J15-C15*COS(K15) -> -0.0051910495 | P15: =P14-(P14-P14*SQRT(P14/3)-$A$5)/(1-SQRT(3*P14)/2) -> 0.12574351 | R15: =IF($T$1, J15, -0.2) -> -0.2 | V15: 1.7951958 | W15: =$U$2*(COS($U$1)+COS(V15)) -> 0.012049549 | X15: =IF($T$2, $U$2*(SIN($U$1)+SIN(V15)), -0.2) -> -0.2
B16: 0.0011145781 | C16: =IF(AND($Q$1=2, $A$3=1), 0, 5*($A$4/100)*(0.2969*SQRT(B16)-0.126*B16-0.3516*(B16^2)+0.2843*(B16^3)-0.1015*(B16^4))) -> 0.0058627329 | D16: =IF($Q$1=1, IF(B16<$A$8, ($A$10/6)*((B16^3)-3*$A$8*(B16^2)+($A$8^2)*(3-$A$8)*B16), (($A$10*($A$8^3))/6)*(1-B16)), " ") -> 0.00021548324 | E16: =IF($Q$1=1,IF(B16<$A$8, ($A$10/6)*(3*(B16^2)-6*$A$8*B16+($A$8^2)*(3-$A$8)), -($A$10*($A$8^3))/6), " ") -> 0.19154055 | F16: =IF($Q$1=1, ATAN(E16), " ") -> 0.1892484 | G16: =IF($Q$1=2, IF(A18<>1, IF(B16<$A$11, ($A$12/6)*((B16-$A$11)^3-$A$13*((1-$A$11)^3)*B16-($A$11^3)*B16+$A$11^3), ($A$12/6)*($A$13*(B16-$A$11)^3-$A$13*((1-$A$11)^3)*B16-($A$11^3)*B16+$A$11^3)), 0), " ") | H16: =IF($Q$1=2, IF(A18<>1, IF(B16<$A$11, ($A$12/6)*(3*(B16-$A$11)^2-$A$13*((1-$A$11)^3)-($A$11^3)), ($A$12/6)*(3*$A$13*(B16-$A$11)^2-$A$13*((1-$A$11)^3)-($A$11^3))),0 ), " ") | I16: =IF($Q$1=2, IF(A18<>1, ATAN(H16), 0), " ") | J16: =IF($Q$1=1, D16, G16) -> 0.00021548324 | K16: =IF($Q$1=1, F16, I16) -> 0.1892484 | L16: =B16-C16*SIN(K16) -> 1.1676258e-05 | M16: =J16+C16*COS(K16) -> 0.0059735423 | N16: =B16+C16*SIN(K16) -> 0.0022174799 | O16: =J16-C16*COS(K16) -> -0.0055425759 | P16: =P15-(P15-P15*SQRT(P15/3)-$A$5)/(1-SQRT(3*P15)/2) -> 0.12574351 | R16: =IF($T$1, J16, -0.2) -> -0.2 | V16: 1.9234241 | W16: =$U$2*(COS($U$1)+COS(V16)) -> 0.01010039 | X16: =IF($T$2, $U$2*(SIN($U$1)+SIN(V16)), -0.2) -> -0.2
B17: 0.0012681097 | C17: =IF(AND($Q$1=2, $A$3=1), 0, 5*($A$4/100)*(0.2969*SQRT(B17)-0.126*B17-0.3516*(B17^2)+0.2843*(B17^3)-0.1015*(B17^4))) -> 0.0062474514 | D17: =IF($Q$1=1, IF(B17<$A$8, ($A$10/6)*((B17^3)-3*$A$8*(B17^2)+($A$8^2)*(3-$A$8)*B17), (($A$10*($A$8^3))/6)*(1-B17)), " ") -> 0.00024485302 | E17: =IF($Q$1=1,IF(B17<$A$8, ($A$10/6)*(3*(B17^2)-6*$A$8*B17+($A$8^2)*(3-$A$8)), -($A$10*($A$8^3))/6), " ") -> 0.19104887 | F17: =IF($Q$1=1, ATAN(E17), " ") -> 0.18877407 | G17: =IF($Q$1=2, IF(A19<>1, IF(B17<$A$11, ($A$12/6)*((B17-$A$11)^3-$A$13*((1-$A$11)^3)*B17-($A$11^3)*B17+$A$11^3), ($A$12/6)*($A$13*(B17-$A$11)^3-$A$13*((1-$A$11)^3)*B17-($A$11^3)*B17+$A$11^3)), 0), " ") | H17: =IF($Q$1=2, IF(A19<>1, IF(B17<$A$11, ($A$12/6)*(3*(B17-$A$11)^2-$A$13*((1-$A$11)^3)-($A$11^3)), ($A$12/6)*(3*$A$13*(B17-$A$11)^2-$A$13*((1-$A$11)^3)-($A$11^3))),0 ), " ") | I17: =IF($Q$1=2, IF(A19<>1, ATAN(H17), 0), " ") | J17: =IF($Q$1=1, D17, G17) -> 0.00024485302 | K17: =IF($Q$1=1, F17, I17) -> 0.18877407 | L17: =B17-C17*SIN(K17) -> 9.5744892e-05 | M17: =J17+C17*COS(K17) -> 0.0063813186 | N17: =B17+C17*SIN(K17) -> 0.0024404745 | O17: =J17-C17*COS(K17) -> -0.0058916126 | P17: =P16-(P16-P16*SQRT(P16/3)-$A$5)/(1-SQRT(3*P16)/2) -> 0.12574351 | R17: =IF($T$1, J17, -0.2) -> -0.2 | V17: 2.0516523 | W17: =$U$2*(COS($U$1)+COS(V17)) -> 0.0082412108 | X17: =IF($T$2, $U$2*(SIN($U$1)+SIN(V17)), -0.2) -> -0.2
B18: 0.0014315379 | C18: =IF(AND($Q$1=2, $A$3=1), 0, 5*($A$4/100)*(0.2969*SQRT(B18)-0.126*B18-0.3516*(B18^2)+0.2843*(B18^3)-0.1015*(B18^4))) -> 0.0066313902 | D18: =IF($Q$1=1, IF(B18<$A$8, ($A$10/6)*((B18^3)-3*$A$8*(B18^2)+($A$8^2)*(3-$A$8)*B18), (($A$10*($A$8^3))/6)*(1-B18)), " ") -> 0.00027603308 | E18: =IF($Q$1=1,IF(B18<$A$8, ($A$10/6)*(3*(B18^2)-6*$A$8*B18+($A$8^2)*(3-$A$8)), -($A$10*($A$8^3))/6), " ") -> 0.19052615 | F18: =IF($Q$1=1, ATAN(E18), " ") -> 0.18826972 | G18: =IF($Q$1=2, IF(A20<>1, IF(B18<$A$11, ($A$12/6)*((B18-$A$11)^3-$A$13*((1-$A$11)^3)*B18-($A$11^3)*B18+$A$11^3), ($A$12/6)*($A$13*(B18-$A$11)^3-$A$13*((1-$A$11)^3)*B18-($A$11^3)*B18+$A$11^3)), 0), " ") | H18: =IF($Q$1=2, IF(A20<>1, IF(B18<$A$11, ($A$12/6)*(3*(B18-$A$11)^2-$A$13*((1-$A$11)^3)-($A$11^3)), ($A$12/6)*(3*$A$13*(B18-$A$11)^2-$A$13*((1-$A$11)^3)-($A$11^3))),0 ), " ") | I18: =IF($Q$1=2, IF(A20<>1, ATAN(H18), 0), " ") | J18: =IF($Q$1=1, D18, G18) -> 0.00027603308 | K18: =IF($Q$1=1, F18, I18) -> 0.18826972 | L18: =B18-C18*SIN(K18) -> 0.00019041047 | M18: =J18+C18*COS(K18) -> 0.0067902436 | N18: =B18+C18*SIN(K18) -> 0.0026726654 | O18: =J18-C18*COS(K18) -> -0.0062381774 | P18: =P17-(P17-P17*SQRT(P17/3)-$A$5)/(1-SQRT(3*P17)/2) -> 0.12574351 | R18: =IF($T$1, J18, -0.2) -> -0.2 | V18: 2.1798806 | W18: =$U$2*(COS($U$1)+COS(V18)) -> 0.0065025385 | X18: =IF($T$2, $U$2*(SIN($U$1)+SIN(V18)), -0.2) -> -0.2
B19: 0.0016048612 | C19: =IF(AND($Q$1=2, $A$3=1), 0, 5*($A$4/100)*(0.2969*SQRT(B19)-0.126*B19-0.3516*(B19^2)+0.2843*(B19^3)-0.1015*(B19^4))) -> 0.0070145463 | D19: =IF($Q$1=1, IF(B19<$A$8, ($A$10/6)*((B19^3)-3*$A$8*(B19^2)+($A$8^2)*(3-$A$8)*B19), (($A$10*($A$8^3))/6)*(1-B19)), " ") -> 0.00030900771 | E19: =IF($Q$1=1,IF(B19<$A$8, ($A$10/6)*(3*(B19^2)-6*$A$8*B19+($A$8^2)*(3-$A$8)), -($A$10*($A$8^3))/6), " ") -> 0.18997254 | F19: =IF($Q$1=1, ATAN(E19), " ") -> 0.18773544 | G19: =IF($Q$1=2, IF(A21<>1, IF(B19<$A$11, ($A$12/6)*((B19-$A$11)^3-$A$13*((1-$A$11)^3)*B19-($A$11^3)*B19+$A$11^3), ($A$12/6)*($A$13*(B19-$A$11)^3-$A$13*((1-$A$11)^3)*B19-($A$11^3)*B19+$A$11^3)), 0), " ") | H19: =IF($Q$1=2, IF(A21<>1, IF(B19<$A$11, ($A$12/6)*(3*(B19-$A$11)^2-$A$13*((1-$A$11)^3)-($A$11^3)), ($A$12/6)*(3*$A$13*(B19-$A$11)^2-$A$13*((1-$A$11)^3)-($A$11^3))),0 ), " ") | I19: =IF($Q$1=2, IF(A21<>1, ATAN(H19), 0), " ") | J19: =IF($Q$1=1, D19, G19) -> 0.00030900771 | K19: =IF($Q$1=1, F19, I19) -> 0.18773544 | L19: =B19-C19*SIN(K19) -> 0.00029570409 | M19: =J19+C19*COS(K19) -> 0.0072003042 | N19: =B19+C19*SIN(K19) -> 0.0029140183 | O19: =J19-C19*COS(K19) -> -0.0065822888 | P19: =P18-(P18-P18*SQRT(P18/3)-$A$5)/(1-SQRT(3*P18)/2) -> 0.12574351 | R19: =IF($T$1, J19, -0.2) -> -0.2 | V19: 2.3081089 | W19: =$U$2*(COS($U$1)+COS(V19)) -> 0.0049129223 | X19: =IF($T$2, $U$2*(SIN($U$1)+SIN(V19)), -0.2) -> -0.2
B20: 0.0017880778 | C20: =IF(AND($Q$1=2, $A$3=1), 0, 5*($A$4/100)*(0.2969*SQRT(B20)-0.126*B20-0.3516*(B20^2)+0.2843*(B20^3)-0.1015*(B20^4))) -> 0.0073969168 | D20: =IF($Q$1=1, IF(B20<$A$8, ($A$10/6)*((B20^3)-3*$A$8*(B20^2)+($A$8^2)*(3-$A$8)*B20), (($A$10*($A$8^3))/6)*(1-B20)), " ") -> 0.00034376028 | E20: =IF($Q$1=1,IF(B20<$A$8, ($A$10/6)*(3*(B20^2)-6*$A$8*B20+($A$8^2)*(3-$A$8)), -($A$10*($A$8^3))/6), " ") -> 0.18938817 | F20: =IF($Q$1=1, ATAN(E20), " ") -> 0.18717136 | G20: =IF($Q$1=2, IF(A22<>1, IF(B20<$A$11, ($A$12/6)*((B20-$A$11)^3-$A$13*((1-$A$11)^3)*B20-($A$11^3)*B20+$A$11^3), ($A$12/6)*($A$13*(B20-$A$11)^3-$A$13*((1-$A$11)^3)*B20-($A$11^3)*B20+$A$11^3)), 0), " ") | H20: =IF($Q$1=2, IF(A22<>1, IF(B20<$A$11, ($A$12/6)*(3*(B20-$A$11)^2-$A$13*((1-$A$11)^3)-($A$11^3)), ($A$12/6)*(3*$A$13*(B20-$A$11)^2-$A$13*((1-$A$11)^3)-($A$11^3))),0 ), " ") | I20: =IF($Q$1=2, IF(A22<>1, ATAN(H20), 0), " ") | J20: =IF($Q$1=1, D20, G20) -> 0.00034376028 | K20: =IF($Q$1=1, F20, I20) -> 0.18717136 | L20: =B20-C20*SIN(K20) -> 0.00041165644 | M20: =J20+C20*COS(K20) -> 0.0076114864 | N20: =B20+C20*SIN(K20) -> 0.0031644991 | O20: =J20-C20*COS(K20) -> -0.0069239658 | P20: =P19-(P19-P19*SQRT(P19/3)-$A$5)/(1-SQRT(3*P19)/2) -> 0.12574351 | R20: =IF($T$1, J20, -0.2) -> -0.2 | V20: 2.4363372 | W20: =$U$2*(COS($U$1)+COS(V20)) -> 0.0034984638 | X20: =IF($T$2, $U$2*(SIN($U$1)+SIN(V20)), -0.2) -> -0.2
B21: 0.0019811858 | C21: =IF(AND($Q$1=2, $A$3=1), 0, 5*($A$4/100)*(0.2969*SQRT(B21)-0.126*B21-0.3516*(B21^2)+0.2843*(B21^3)-0.1015*(B21^4))) -> 0.0077784985 | D21: =IF($Q$1=1, IF(B21<$A$8, ($A$10/6)*((B21^3)-3*$A$8*(B21^2)+($A$8^2)*(3-$A$8)*B21), (($A$10*($A$8^3))/6)*(1-B21)), " ") -> 0.00038027326 | E21: =IF($Q$1=1,IF(B21<$A$8, ($A$10/6)*(3*(B21^2)-6*$A$8*B21+($A$8^2)*(3-$A$8)), -($A$10*($A$8^3))/6), " ") -> 0.18877317 | F21: =IF($Q$1=1, ATAN(E21), " ") -> 0.1865776 | G21: =IF($Q$1=2, IF(A23<>1, IF(B21<$A$11, ($A$12/6)*((B21-$A$11)^3-$A$13*((1-$A$11)^3)*B21-($A$11^3)*B21+$A$11^3), ($A$12/6)*($A$13*(B21-$A$11)^3-$A$13*((1-$A$11)^3)*B21-($A$11^3)*B21+$A$11^3)), 0), " ") | H21: =IF($Q$1=2, IF(A23<>1, IF(B21<$A$11, ($A$12/6)*(3*(B21-$A$11)^2-$A$13*((1-$A$11)^3)-($A$11^3)), ($A$12/6)*(3*$A$13*(B21-$A$11)^2-$A$13*((1-$A$11)^3)-($A$11^3))),0 ), " ") | I21: =IF($Q$1=2, IF(A23<>1, ATAN(H21), 0), " ") | J21: =IF($Q$1=1, D21, G21) -> 0.00038027326 | K21: =IF($Q$1=1, F21, I21) -> 0.1865776 | L21: =B21-C21*SIN(K21) -> 0.00053829777 | M21: =J21+C21*COS(K21) -> 0.0080237746 | N21: =B21+C21*SIN(K21) -> 0.0034240738 | O21: =J21-C21*COS(K21) -> -0.0072632281 | R21: =IF($T$1, J21, -0.2) -> -0.2 | V21: 2.5645654 | W21: =$U$2*(COS($U$1)+COS(V21)) -> 0.0022823882 | X21: =IF($T$2, $U$2*(SIN($U$1)+SIN(V21)), -0.2) -> -0.2
B22: 0.0021841834 | C22: =IF(AND($Q$1=2, $A$3=1), 0, 5*($A$4/100)*(0.2969*SQRT(B22)-0.126*B22-0.3516*(B22^2)+0.2843*(B22^3)-0.1015*(B22^4))) -> 0.0081592881 | D22: =IF($Q$1=1, IF(B22<$A$8, ($A$10/6)*((B22^3)-3*$A$8*(B22^2)+($A$8^2)*(3-$A$8)*B22), (($A$10*($A$8^3))/6)*(1-B22)), " ") -> 0.00041852822 | E22: =IF($Q$1=1,IF(B22<$A$8, ($A$10/6)*(3*(B22^2)-6*$A$8*B22+($A$8^2)*(3-$A$8)), -($A$10*($A$8^3))/6), " ") -> 0.18812772 | F22: =IF($Q$1=1, ATAN(E22), " ") -> 0.18595428 | G22: =IF($Q$1=2, IF(A24<>1, IF(B22<$A$11, ($A$12/6)*((B22-$A$11)^3-$A$13*((1-$A$11)^3)*B22-($A$11^3)*B22+$A$11^3), ($A$12/6)*($A$13*(B22-$A$11)^3-$A$13*((1-$A$11)^3)*B22-($A$11^3)*B22+$A$11^3)), 0), " ") | H22: =IF($Q$1=2, IF(A24<>1, IF(B22<$A$11, ($A$12/6)*(3*(B22-$A$11)^2-$A$13*((1-$A$11)^3)-($A$11^3)), ($A$12/6)*(3*$A$13*(B22-$A$11)^2-$A$13*((1-$A$11)^3)-($A$11^3))),0 ), " ") | I22: =IF($Q$1=2, IF(A24<>1, ATAN(H22), 0), " ") | J22: =IF($Q$1=1, D22, G22) -> 0.00041852822 | K22: =IF($Q$1=1, F22, I22) -> 0.18595428 | L22: =B22-C22*SIN(K22) -> 0.0006756579 | M22: =J22+C22*COS(K22) -> 0.0084371524 | N22: =B22+C22*SIN(K22) -> 0.0036927089 | O22: =J22-C22*COS(K22) -> -0.0076000959 | R22: =IF($T$1, J22, -0.2) -> -0.2 | V22: 2.6927937 | W22: =$U$2*(COS($U$1)+COS(V22)) -> 0.0012846636 | X22: =IF($T$2, $U$2*(SIN($U$1)+SIN(V22)), -0.2) -> -0.2
B23: 0.0023970685 | C23: =IF(AND($Q$1=2, $A$3=1), 0, 5*($A$4/100)*(0.2969*SQRT(B23)-0.126*B23-0.3516*(B23^2)+0.2843*(B23^3)-0.1015*(B23^4))) -> 0.0085392824 | D23: =IF($Q$1=1, IF(B23<$A$8, ($A$10/6)*((B23^3)-3*$A$8*(B23^2)+($A$8^2)*(3-$A$8)*B23), (($A$10*($A$8^3))/6)*(1-B23)), " ") -> 0.00045850587 | E23: =IF($Q$1=1,IF(B23<$A$8, ($A$10/6)*(3*(B23^2)-6*$A$8*B23+($A$8^2)*(3-$A$8)), -($A$10*($A$8^3))/6), " ") -> 0.18745196 | F23: =IF($Q$1=1, ATAN(E23), " ") -> 0.18530154 | G23: =IF($Q$1=2, IF(A25<>1, IF(B23<$A$11, ($A$12/6)*((B23-$A$11)^3-$A$13*((1-$A$11)^3)*B23-($A$11^3)*B23+$A$11^3), ($A$12/6)*($A$13*(B23-$A$11)^3-$A$13*((1-$A$11)^3)*B23-($A$11^3)*B23+$A$11^3)), 0), " ") | H23: =IF($Q$1=2, IF(A25<>1, IF(B23<$A$11, ($A$12/6)*(3*(B23-$A$11)^2-$A$13*((1-$A$11)^3)-($A$11^3)), ($A$12/6)*(3*$A$13*(B23-$A$11)^2-$A$13*((1-$A$11)^3)-($A$11^3))),0 ), " ") | I23: =IF($Q$1=2, IF(A25<>1, ATAN(H23), 0), " ") | J23: =IF($Q$1=1, D23, G23) -> 0.00045850587 | K23: =IF($Q$1=1, F23, I23) -> 0.18530154 | L23: =B23-C23*SIN(K23) -> 0.00082376617 | M23: =J23+C23*COS(K23) -> 0.0088516021 | N23: =B23+C23*SIN(K23) -> 0.0039703709 | O23: =J23-C23*COS(K23) -> -0.0079345903 | R23: =IF($T$1, J23, -0.2) -> -0.2 | V23: 2.821022 | W23: =$U$2*(COS($U$1)+COS(V23)) -> 0.00052167244 | X23: =IF($T$2, $U$2*(SIN($U$1)+SIN(V23)), -0.2) -> -0.2
B24: 0.0026198391 | C24: =IF(AND($Q$1=2, $A$3=1), 0, 5*($A$4/100)*(0.2969*SQRT(B24)-0.126*B24-0.3516*(B24^2)+0.2843*(B24^3)-0.1015*(B24^4))) -> 0.0089184778 | D24: =IF($Q$1=1, IF(B24<$A$8, ($A$10/6)*((B24^3)-3*$A$8*(B24^2)+($A$8^2)*(3-$A$8)*B24), (($A$10*($A$8^3))/6)*(1-B24)), " ") -> 0.000500186 | E24: =IF($Q$1=1,IF(B24<$A$8, ($A$10/6)*(3*(B24^2)-6*$A$8*B24+($A$8^2)*(3-$A$8)), -($A$10*($A$8^3))/6), " ") -> 0.18674607 | F24: =IF($Q$1=1, ATAN(E24), " ") -> 0.18461953 | G24: =IF($Q$1=2, IF(A26<>1, IF(B24<$A$11, ($A$12/6)*((B24-$A$11)^3-$A$13*((1-$A$11)^3)*B24-($A$11^3)*B24+$A$11^3), ($A$12/6)*($A$13*(B24-$A$11)^3-$A$13*((1-$A$11)^3)*B24-($A$11^3)*B24+$A$11^3)), 0), " ") | H24: =IF($Q$1=2, IF(A26<>1, IF(B24<$A$11, ($A$12/6)*(3*(B24-$A$11)^2-$A$13*((1-$A$11)^3)-($A$11^3)), ($A$12/6)*(3*$A$13*(B24-$A$11)^2-$A$13*((1-$A$11)^3)-($A$11^3))),0 ), " ") | I24: =IF($Q$1=2, IF(A26<>1, ATAN(H24), 0), " ") | J24: =IF($Q$1=1, D24, G24) -> 0.000500186 | K24: =IF($Q$1=1, F24, I24) -> 0.18461953 | L24: =B24-C24*SIN(K24) -> 0.00098265148 | M24: =J24+C24*COS(K24) -> 0.0092671047 | N24: =B24+C24*SIN(K24) -> 0.0042570267 | O24: =J24-C24*COS(K24) -> -0.0082667327 | R24: =IF($T$1, J24, -0.2) -> -0.2 | V24: 2.9492502 | W24: =$U$2*(COS($U$1)+COS(V24)) -> 5.9431161e-06 | X24: =IF($T$2, $U$2*(SIN($U$1)+SIN(V24)), -0.2) -> -0.2
B25: 0.0028524929 | C25: =IF(AND($Q$1=2, $A$3=1), 0, 5*($A$4/100)*(0.2969*SQRT(B25)-0.126*B25-0.3516*(B25^2)+0.2843*(B25^3)-0.1015*(B25^4))) -> 0.0092968709 | D25: =IF($Q$1=1, IF(B25<$A$8, ($A$10/6)*((B25^3)-3*$A$8*(B25^2)+($A$8^2)*(3-$A$8)*B25), (($A$10*($A$8^3))/6)*(1-B25)), " ") -> 0.00054354756 | E25: =IF($Q$1=1,IF(B25<$A$8, ($A$10/6)*(3*(B25^2)-6*$A$8*B25+($A$8^2)*(3-$A$8)), -($A$10*($A$8^3))/6), " ") -> 0.18601022 | F25: =IF($Q$1=1, ATAN(E25), " ") -> 0.18390838 | G25: =IF($Q$1=2, IF(A27<>1, IF(B25<$A$11, ($A$12/6)*((B25-$A$11)^3-$A$13*((1-$A$11)^3)*B25-($A$11^3)*B25+$A$11^3), ($A$12/6)*($A$13*(B25-$A$11)^3-$A$13*((1-$A$11)^3)*B25-($A$11^3)*B25+$A$11^3)), 0), " ") | H25: =IF($Q$1=2, IF(A27<>1, IF(B25<$A$11, ($A$12/6)*(3*(B25-$A$11)^2-$A$13*((1-$A$11)^3)-($A$11^3)), ($A$12/6)*(3*$A$13*(B25-$A$11)^2-$A$13*((1-$A$11)^3)-($A$11^3))),0 ), " ") | I25: =IF($Q$1=2, IF(A27<>1, ATAN(H25), 0), " ") | J25: =IF($Q$1=1, D25, G25) -> 0.00054354756 | K25: =IF($Q$1=1, F25, I25) -> 0.18390838 | L25: =B25-C25*SIN(K25) -> 0.0011523422 | M25: =J25+C25*COS(K25) -> 0.0096836404 | N25: =B25+C25*SIN(K25) -> 0.0045526436 | O25: =J25-C25*COS(K25) -> -0.0085965452 | R25: =IF($T$1, J25, -0.2) -> -0.2 | V25: 3.0774785 | W25: =$U$2*(COS($U$1)+COS(V25)) -> -0.00025405614 | X25: =IF($T$2, $U$2*(SIN($U$1)+SIN(V25)), -0.2) -> -0.2
B26: 0.0030950276 | C26: =IF(AND($Q$1=2, $A$3=1), 0, 5*($A$4/100)*(0.2969*SQRT(B26)-0.126*B26-0.3516*(B26^2)+0.2843*(B26^3)-0.1015*(B26^4))) -> 0.0096744579 | D26: =IF($Q$1=1, IF(B26<$A$8, ($A$10/6)*((B26^3)-3*$A$8*(B26^2)+($A$8^2)*(3-$A$8)*B26), (($A$10*($A$8^3))/6)*(1-B26)), " ") -> 0.00058856863 | E26: =IF($Q$1=1,IF(B26<$A$8, ($A$10/6)*(3*(B26^2)-6*$A$8*B26+($A$8^2)*(3-$A$8)), -($A$10*($A$8^3))/6), " ") -> 0.1852446 | F26: =IF($Q$1=1, ATAN(E26), " ") -> 0.18316826 | G26: =IF($Q$1=2, IF(A28<>1, IF(B26<$A$11, ($A$12/6)*((B26-$A$11)^3-$A$13*((1-$A$11)^3)*B26-($A$11^3)*B26+$A$11^3), ($A$12/6)*($A$13*(B26-$A$11)^3-$A$13*((1-$A$11)^3)*B26-($A$11^3)*B26+$A$11^3)), 0), " ") | H26: =IF($Q$1=2, IF(A28<>1, IF(B26<$A$11, ($A$12/6)*(3*(B26-$A$11)^2-$A$13*((1-$A$11)^3)-($A$11^3)), ($A$12/6)*(3*$A$13*(B26-$A$11)^2-$A$13*((1-$A$11)^3)-($A$11^3))),0 ), " ") | I26: =IF($Q$1=2, IF(A28<>1, ATAN(H26), 0), " ") | J26: =IF($Q$1=1, D26, G26) -> 0.00058856863 | K26: =IF($Q$1=1, F26, I26) -> 0.18316826 | L26: =B26-C26*SIN(K26) -> 0.0013328663 | M26: =J26+C26*COS(K26) -> 0.010101188 | N26: =B26+C26*SIN(K26) -> 0.0048571889 | O26: =J26-C26*COS(K26) -> -0.0089240505 | R26: =IF($T$1, J26, -0.2) -> -0.2 | V26: 3.2057068 | W26: =$U$2*(COS($U$1)+COS(V26)) -> -0.00025405614 | X26: =IF($T$2, $U$2*(SIN($U$1)+SIN(V26)), -0.2) -> -0.2
B27: 0.0033474409 | C27: =IF(AND($Q$1=2, $A$3=1), 0, 5*($A$4/100)*(0.2969*SQRT(B27)-0.126*B27-0.3516*(B27^2)+0.2843*(B27^3)-0.1015*(B27^4))) -> 0.010051235 | D27: =IF($Q$1=1, IF(B27<$A$8, ($A$10/6)*((B27^3)-3*$A$8*(B27^2)+($A$8^2)*(3-$A$8)*B27), (($A$10*($A$8^3))/6)*(1-B27)), " ") -> 0.00063522642 | E27: =IF($Q$1=1,IF(B27<$A$8, ($A$10/6)*(3*(B27^2)-6*$A$8*B27+($A$8^2)*(3-$A$8)), -($A$10*($A$8^3))/6), " ") -> 0.18444939 | F27: =IF($Q$1=1, ATAN(E27), " ") -> 0.18239933 | G27: =IF($Q$1=2, IF(A29<>1, IF(B27<$A$11, ($A$12/6)*((B27-$A$11)^3-$A$13*((1-$A$11)^3)*B27-($A$11^3)*B27+$A$11^3), ($A$12/6)*($A$13*(B27-$A$11)^3-$A$13*((1-$A$11)^3)*B27-($A$11^3)*B27+$A$11^3)), 0), " ") | H27: =IF($Q$1=2, IF(A29<>1, IF(B27<$A$11, ($A$12/6)*(3*(B27-$A$11)^2-$A$13*((1-$A$11)^3)-($A$11^3)), ($A$12/6)*(3*$A$13*(B27-$A$11)^2-$A$13*((1-$A$11)^3)-($A$11^3))),0 ), " ") | I27: =IF($Q$1=2, IF(A29<>1, ATAN(H27), 0), " ") | J27: =IF($Q$1=1, D27, G27) -> 0.00063522642 | K27: =IF($Q$1=1, F27, I27) -> 0.18239933 | L27: =B27-C27*SIN(K27) -> 0.0015242512 | M27: =J27+C27*COS(K27) -> 0.010519725 | N27: =B27+C27*SIN(K27) -> 0.0051706306 | O27: =J27-C27*COS(K27) -> -0.0092492717 | R27: =IF($T$1, J27, -0.2) -> -0.2 | V27: 3.3339351 | W27: =$U$2*(COS($U$1)+COS(V27)) -> 5.9431161e-06 | X27: =IF($T$2, $U$2*(SIN($U$1)+SIN(V27)), -0.2) -> -0.2
B28: 0.0036097302 | C28: =IF(AND($Q$1=2, $A$3=1), 0, 5*($A$4/100)*(0.2969*SQRT(B28)-0.126*B28-0.3516*(B28^2)+0.2843*(B28^3)-0.1015*(B28^4))) -> 0.010427198 | D28: =IF($Q$1=1, IF(B28<$A$8, ($A$10/6)*((B28^3)-3*$A$8*(B28^2)+($A$8^2)*(3-$A$8)*B28), (($A$10*($A$8^3))/6)*(1-B28)), " ") -> 0.00068349735 | E28: =IF($Q$1=1,IF(B28<$A$8, ($A$10/6)*(3*(B28^2)-6*$A$8*B28+($A$8^2)*(3-$A$8)), -($A$10*($A$8^3))/6), " ") -> 0.18362481 | F28: =IF($Q$1=1, ATAN(E28), " ") -> 0.18160176 | G28: =IF($Q$1=2, IF(A30<>1, IF(B28<$A$11, ($A$12/6)*((B28-$A$11)^3-$A$13*((1-$A$11)^3)*B28-($A$11^3)*B28+$A$11^3), ($A$12/6)*($A$13*(B28-$A$11)^3-$A$13*((1-$A$11)^3)*B28-($A$11^3)*B28+$A$11^3)), 0), " ") | H28: =IF($Q$1=2, IF(A30<>1, IF(B28<$A$11, ($A$12/6)*(3*(B28-$A$11)^2-$A$13*((1-$A$11)^3)-($A$11^3)), ($A$12/6)*(3*$A$13*(B28-$A$11)^2-$A$13*((1-$A$11)^3)-($A$11^3))),0 ), " ") | I28: =IF($Q$1=2, IF(A30<>1, ATAN(H28), 0), " ") | J28: =IF($Q$1=1, D28, G28) -> 0.00068349735 | K28: =IF($Q$1=1, F28, I28) -> 0.18160176 | L28: =B28-C28*SIN(K28) -> 0.0017265237 | M28: =J28+C28*COS(K28) -> 0.010939227 | N28: =B28+C28*SIN(K28) -> 0.0054929366 | O28: =J28-C28*COS(K28) -> -0.0095722326 | R28: =IF($T$1, J28, -0.2) -> -0.2 | V28: 3.4621633 | W28: =$U$2*(COS($U$1)+COS(V28)) -> 0.00052167244 | X28: =IF($T$2, $U$2*(SIN($U$1)+SIN(V28)), -0.2) -> -0.2
B29: 0.0038818929 | C29: =IF(AND($Q$1=2, $A$3=1), 0, 5*($A$4/100)*(0.2969*SQRT(B29)-0.126*B29-0.3516*(B29^2)+0.2843*(B29^3)-0.1015*(B29^4))) -> 0.010802344 | D29: =IF($Q$1=1, IF(B29<$A$8, ($A$10/6)*((B29^3)-3*$A$8*(B29^2)+($A$8^2)*(3-$A$8)*B29), (($A$10*($A$8^3))/6)*(1-B29)), " ") -> 0.00073335695 | E29: =IF($Q$1=1,IF(B29<$A$8, ($A$10/6)*(3*(B29^2)-6*$A$8*B29+($A$8^2)*(3-$A$8)), -($A$10*($A$8^3))/6), " ") -> 0.18277105 | F29: =IF($Q$1=1, ATAN(E29), " ") -> 0.18077572 | G29: =IF($Q$1=2, IF(A31<>1, IF(B29<$A$11, ($A$12/6)*((B29-$A$11)^3-$A$13*((1-$A$11)^3)*B29-($A$11^3)*B29+$A$11^3), ($A$12/6)*($A$13*(B29-$A$11)^3-$A$13*((1-$A$11)^3)*B29-($A$11^3)*B29+$A$11^3)), 0), " ") | H29: =IF($Q$1=2, IF(A31<>1, IF(B29<$A$11, ($A$12/6)*(3*(B29-$A$11)^2-$A$13*((1-$A$11)^3)-($A$11^3)), ($A$12/6)*(3*$A$13*(B29-$A$11)^2-$A$13*((1-$A$11)^3)-($A$11^3))),0 ), " ") | I29: =IF($Q$1=2, IF(A31<>1, ATAN(H29), 0), " ") | J29: =IF($Q$1=1, D29, G29) -> 0.00073335695 | K29: =IF($Q$1=1, F29, I29) -> 0.18077572 | L29: =B29-C29*SIN(K29) -> 0.0019397103 | M29: =J29+C29*COS(K29) -> 0.011359671 | N29: =B29+C29*SIN(K29) -> 0.0058240755 | O29: =J29-C29*COS(K29) -> -0.0098929575 | R29: =IF($T$1, J29, -0.2) -> -0.2 | V29: 3.5903916 | W29: =$U$2*(COS($U$1)+COS(V29)) -> 0.0012846636 | X29: =IF($T$2, $U$2*(SIN($U$1)+SIN(V29)), -0.2) -> -0.2
B30: 0.0041639263 | C30: =IF(AND($Q$1=2, $A$3=1), 0, 5*($A$4/100)*(0.2969*SQRT(B30)-0.126*B30-0.3516*(B30^2)+0.2843*(B30^3)-0.1015*(B30^4))) -> 0.011176667 | D30: =IF($Q$1=1, IF(B30<$A$8, ($A$10/6)*((B30^3)-3*$A$8*(B30^2)+($A$8^2)*(3-$A$8)*B30), (($A$10*($A$8^3))/6)*(1-B30)), " ") -> 0.00078477997 | E30: =IF($Q$1=1,IF(B30<$A$8, ($A$10/6)*(3*(B30^2)-6*$A$8*B30+($A$8^2)*(3-$A$8)), -($A$10*($A$8^3))/6), " ") -> 0.18188833 | F30: =IF($Q$1=1, ATAN(E30), " ") -> 0.1799214 | G30: =IF($Q$1=2, IF(A32<>1, IF(B30<$A$11, ($A$12/6)*((B30-$A$11)^3-$A$13*((1-$A$11)^3)*B30-($A$11^3)*B30+$A$11^3), ($A$12/6)*($A$13*(B30-$A$11)^3-$A$13*((1-$A$11)^3)*B30-($A$11^3)*B30+$A$11^3)), 0), " ") | H30: =IF($Q$1=2, IF(A32<>1, IF(B30<$A$11, ($A$12/6)*(3*(B30-$A$11)^2-$A$13*((1-$A$11)^3)-($A$11^3)), ($A$12/6)*(3*$A$13*(B30-$A$11)^2-$A$13*((1-$A$11)^3)-($A$11^3))),0 ), " ") | I30: =IF($Q$1=2, IF(A32<>1, ATAN(H30), 0), " ") | J30: =IF($Q$1=1, D30, G30) -> 0.00078477997 | K30: =IF($Q$1=1, F30, I30) -> 0.1799214 | L30: =B30-C30*SIN(K30) -> 0.0021638366 | M30: =J30+C30*COS(K30) -> 0.011781031 | N30: =B30+C30*SIN(K30) -> 0.0061640161 | O30: =J30-C30*COS(K30) -> -0.010211471 | R30: =IF($T$1, J30, -0.2) -> -0.2 | V30: 3.7186199 | W30: =$U$2*(COS($U$1)+COS(V30)) -> 0.0022823882 | X30: =IF($T$2, $U$2*(SIN($U$1)+SIN(V30)), -0.2) -> -0.2
B31: 0.0044558277 | C31: =IF(AND($Q$1=2, $A$3=1), 0, 5*($A$4/100)*(0.2969*SQRT(B31)-0.126*B31-0.3516*(B31^2)+0.2843*(B31^3)-0.1015*(B31^4))) -> 0.011550165 | D31: =IF($Q$1=1, IF(B31<$A$8, ($A$10/6)*((B31^3)-3*$A$8*(B31^2)+($A$8^2)*(3-$A$8)*B31), (($A$10*($A$8^3))/6)*(1-B31)), " ") -> 0.00083774034 | E31: =IF($Q$1=1,IF(B31<$A$8, ($A$10/6)*(3*(B31^2)-6*$A$8*B31+($A$8^2)*(3-$A$8)), -($A$10*($A$8^3))/6), " ") -> 0.18097688 | F31: =IF($Q$1=1, ATAN(E31), " ") -> 0.17903899 | G31: =IF($Q$1=2, IF(A33<>1, IF(B31<$A$11, ($A$12/6)*((B31-$A$11)^3-$A$13*((1-$A$11)^3)*B31-($A$11^3)*B31+$A$11^3), ($A$12/6)*($A$13*(B31-$A$11)^3-$A$13*((1-$A$11)^3)*B31-($A$11^3)*B31+$A$11^3)), 0), " ") | H31: =IF($Q$1=2, IF(A33<>1, IF(B31<$A$11, ($A$12/6)*(3*(B31-$A$11)^2-$A$13*((1-$A$11)^3)-($A$11^3)), ($A$12/6)*(3*$A$13*(B31-$A$11)^2-$A$13*((1-$A$11)^3)-($A$11^3))),0 ), " ") | I31: =IF($Q$1=2, IF(A33<>1, ATAN(H31), 0), " ") | J31: =IF($Q$1=1, D31, G31) -> 0.00083774034 | K31: =IF($Q$1=1, F31, I31) -> 0.17903899 | L31: =B31-C31*SIN(K31) -> 0.002398928 | M31: =J31+C31*COS(K31) -> 0.012203279 | N31: =B31+C31*SIN(K31) -> 0.0065127274 | O31: =J31-C31*COS(K31) -> -0.010527798 | R31: =IF($T$1, J31, -0.2) -> -0.2 | V31: 3.8468481 | W31: =$U$2*(COS($U$1)+COS(V31)) -> 0.0034984638 | X31: =IF($T$2, $U$2*(SIN($U$1)+SIN(V31)), -0.2) -> -0.2
B32: 0.0047575941 | C32: =IF(AND($Q$1=2, $A$3=1), 0, 5*($A$4/100)*(0.2969*SQRT(B32)-0.126*B32-0.3516*(B32^2)+0.2843*(B32^3)-0.1015*(B32^4))) -> 0.011922832 | D32: =IF($Q$1=1, IF(B32<$A$8, ($A$10/6)*((B32^3)-3*$A$8*(B32^2)+($A$8^2)*(3-$A$8)*B32), (($A$10*($A$8^3))/6)*(1-B32)), " ") -> 0.0008922112 | E32: =IF($Q$1=1,IF(B32<$A$8, ($A$10/6)*(3*(B32^2)-6*$A$8*B32+($A$8^2)*(3-$A$8)), -($A$10*($A$8^3))/6), " ") -> 0.18003692 | F32: =IF($Q$1=1, ATAN(E32), " ") -> 0.1781287 | G32: =IF($Q$1=2, IF(A34<>1, IF(B32<$A$11, ($A$12/6)*((B32-$A$11)^3-$A$13*((1-$A$11)^3)*B32-($A$11^3)*B32+$A$11^3), ($A$12/6)*($A$13*(B32-$A$11)^3-$A$13*((1-$A$11)^3)*B32-($A$11^3)*B32+$A$11^3)), 0), " ") | H32: =IF($Q$1=2, IF(A34<>1, IF(B32<$A$11, ($A$12/6)*(3*(B32-$A$11)^2-$A$13*((1-$A$11)^3)-($A$11^3)), ($A$12/6)*(3*$A$13*(B32-$A$11)^2-$A$13*((1-$A$11)^3)-($A$11^3))),0 ), " ") | I32: =IF($Q$1=2, IF(A34<>1, ATAN(H32), 0), " ") | J32: =IF($Q$1=1, D32, G32) -> 0.0008922112 | K32: =IF($Q$1=1, F32, I32) -> 0.1781287 | L32: =B32-C32*SIN(K32) -> 0.0026450091 | M32: =J32+C32*COS(K32) -> 0.012626388 | N32: =B32+C32*SIN(K32) -> 0.0068701791 | O32: =J32-C32*COS(K32) -> -0.010841966 | R32: =IF($T$1, J32, -0.2) -> -0.2 | V32: 3.9750764 | W32: =$U$2*(COS($U$1)+COS(V32)) -> 0.0049129223 | X32: =IF($T$2, $U$2*(SIN($U$1)+SIN(V32)), -0.2) -> -0.2
... B50: 0.011872429 | C50: =IF(AND($Q$1=2, $A$3=1), 0, 5*($A$4/100)*(0.2969*SQRT(B50)-0.126*B50-0.3516*(B50^2)+0.2843*(B50^3)-0.1015*(B50^4))) -> 0.018483248 | D50: =IF($Q$1=1, IF(B50<$A$8, ($A$10/6)*((B50^3)-3*$A$8*(B50^2)+($A$8^2)*(3-$A$8)*B50), (($A$10*($A$8^3))/6)*(1-B50)), " ") -> 0.0020959441 | E50: =IF($Q$1=1,IF(B50<$A$8, ($A$10/6)*(3*(B50^2)-6*$A$8*B50+($A$8^2)*(3-$A$8)), -($A$10*($A$8^3))/6), " ") -> 0.15855222 | F50: =IF($Q$1=1, ATAN(E50), " ") -> 0.15724331 | G50: =IF($Q$1=2, IF(A52<>1, IF(B50<$A$11, ($A$12/6)*((B50-$A$11)^3-$A$13*((1-$A$11)^3)*B50-($A$11^3)*B50+$A$11^3), ($A$12/6)*($A$13*(B50-$A$11)^3-$A$13*((1-$A$11)^3)*B50-($A$11^3)*B50+$A$11^3)), 0), " ") | H50: =IF($Q$1=2, IF(A52<>1, IF(B50<$A$11, ($A$12/6)*(3*(B50-$A$11)^2-$A$13*((1-$A$11)^3)-($A$11^3)), ($A$12/6)*(3*$A$13*(B50-$A$11)^2-$A$13*((1-$A$11)^3)-($A$11^3))),0 ), " ") | I50: =IF($Q$1=2, IF(A52<>1, ATAN(H50), 0), " ") | J50: =IF($Q$1=1, D50, G50) -> 0.0020959441 | K50: =IF($Q$1=1, F50, I50) -> 0.15724331 | L50: =B50-C50*SIN(K50) -> 0.0089780245 | M50: =J50+C50*COS(K50) -> 0.020351159 | N50: =B50+C50*SIN(K50) -> 0.014766834 | O50: =J50-C50*COS(K50) -> -0.016159271 | R50: =IF($T$1, J50, -0.2) -> -0.2 | V50: 6.2831853 | W50: =$U$2*(COS($U$1)+COS(V50)) -> 0.031447203 | X50: =IF($T$2, $U$2*(SIN($U$1)+SIN(V50)), -0.2) -> -0.2
B51: 0.012360952 | C51: =IF(AND($Q$1=2, $A$3=1), 0, 5*($A$4/100)*(0.2969*SQRT(B51)-0.126*B51-0.3516*(B51^2)+0.2843*(B51^3)-0.1015*(B51^4))) -> 0.018839172 | D51: =IF($Q$1=1, IF(B51<$A$8, ($A$10/6)*((B51^3)-3*$A$8*(B51^2)+($A$8^2)*(3-$A$8)*B51), (($A$10*($A$8^3))/6)*(1-B51)), " ") -> 0.0021730515 | E51: =IF($Q$1=1,IF(B51<$A$8, ($A$10/6)*(3*(B51^2)-6*$A$8*B51+($A$8^2)*(3-$A$8)), -($A$10*($A$8^3))/6), " ") -> 0.15712468 | F51: =IF($Q$1=1, ATAN(E51), " ") -> 0.15585047 | G51: =IF($Q$1=2, IF(A53<>1, IF(B51<$A$11, ($A$12/6)*((B51-$A$11)^3-$A$13*((1-$A$11)^3)*B51-($A$11^3)*B51+$A$11^3), ($A$12/6)*($A$13*(B51-$A$11)^3-$A$13*((1-$A$11)^3)*B51-($A$11^3)*B51+$A$11^3)), 0), " ") | H51: =IF($Q$1=2, IF(A53<>1, IF(B51<$A$11, ($A$12/6)*(3*(B51-$A$11)^2-$A$13*((1-$A$11)^3)-($A$11^3)), ($A$12/6)*(3*$A$13*(B51-$A$11)^2-$A$13*((1-$A$11)^3)-($A$11^3))),0 ), " ") | I51: =IF($Q$1=2, IF(A53<>1, ATAN(H51), 0), " ") | J51: =IF($Q$1=1, D51, G51) -> 0.0021730515 | K51: =IF($Q$1=1, F51, I51) -> 0.15585047 | L51: =B51-C51*SIN(K51) -> 0.0094367299 | M51: =J51+C51*COS(K51) -> 0.020783891 | N51: =B51+C51*SIN(K51) -> 0.015285174 | O51: =J51-C51*COS(K51) -> -0.016437788 | R51: =IF($T$1, J51, -0.2) -> -0.2
B52: 0.012859262 | C52: =IF(AND($Q$1=2, $A$3=1), 0, 5*($A$4/100)*(0.2969*SQRT(B52)-0.126*B52-0.3516*(B52^2)+0.2843*(B52^3)-0.1015*(B52^4))) -> 0.019194158 | D52: =IF($Q$1=1, IF(B52<$A$8, ($A$10/6)*((B52^3)-3*$A$8*(B52^2)+($A$8^2)*(3-$A$8)*B52), (($A$10*($A$8^3))/6)*(1-B52)), " ") -> 0.0022509867 | E52: =IF($Q$1=1,IF(B52<$A$8, ($A$10/6)*(3*(B52^2)-6*$A$8*B52+($A$8^2)*(3-$A$8)), -($A$10*($A$8^3))/6), " ") -> 0.15567486 | F52: =IF($Q$1=1, ATAN(E52), " ") -> 0.15443526 | G52: =IF($Q$1=2, IF(A54<>1, IF(B52<$A$11, ($A$12/6)*((B52-$A$11)^3-$A$13*((1-$A$11)^3)*B52-($A$11^3)*B52+$A$11^3), ($A$12/6)*($A$13*(B52-$A$11)^3-$A$13*((1-$A$11)^3)*B52-($A$11^3)*B52+$A$11^3)), 0), " ") | H52: =IF($Q$1=2, IF(A54<>1, IF(B52<$A$11, ($A$12/6)*(3*(B52-$A$11)^2-$A$13*((1-$A$11)^3)-($A$11^3)), ($A$12/6)*(3*$A$13*(B52-$A$11)^2-$A$13*((1-$A$11)^3)-($A$11^3))),0 ), " ") | I52: =IF($Q$1=2, IF(A54<>1, ATAN(H52), 0), " ") | J52: =IF($Q$1=1, D52, G52) -> 0.0022509867 | K52: =IF($Q$1=1, F52, I52) -> 0.15443526 | L52: =B52-C52*SIN(K52) -> 0.0099067759 | M52: =J52+C52*COS(K52) -> 0.021216707 | N52: =B52+C52*SIN(K52) -> 0.015811747 | O52: =J52-C52*COS(K52) -> -0.016714733 | R52: =IF($T$1, J52, -0.2) -> -0.2
B53: 0.013367353 | C53: =IF(AND($Q$1=2, $A$3=1), 0, 5*($A$4/100)*(0.2969*SQRT(B53)-0.126*B53-0.3516*(B53^2)+0.2843*(B53^3)-0.1015*(B53^4))) -> 0.019548198 | D53: =IF($Q$1=1, IF(B53<$A$8, ($A$10/6)*((B53^3)-3*$A$8*(B53^2)+($A$8^2)*(3-$A$8)*B53), (($A$10*($A$8^3))/6)*(1-B53)), " ") -> 0.0023297096 | E53: =IF($Q$1=1,IF(B53<$A$8, ($A$10/6)*(3*(B53^2)-6*$A$8*B53+($A$8^2)*(3-$A$8)), -($A$10*($A$8^3))/6), " ") -> 0.15420313 | F53: =IF($Q$1=1, ATAN(E53), " ") -> 0.15299803 | G53: =IF($Q$1=2, IF(A55<>1, IF(B53<$A$11, ($A$12/6)*((B53-$A$11)^3-$A$13*((1-$A$11)^3)*B53-($A$11^3)*B53+$A$11^3), ($A$12/6)*($A$13*(B53-$A$11)^3-$A$13*((1-$A$11)^3)*B53-($A$11^3)*B53+$A$11^3)), 0), " ") | H53: =IF($Q$1=2, IF(A55<>1, IF(B53<$A$11, ($A$12/6)*(3*(B53-$A$11)^2-$A$13*((1-$A$11)^3)-($A$11^3)), ($A$12/6)*(3*$A$13*(B53-$A$11)^2-$A$13*((1-$A$11)^3)-($A$11^3))),0 ), " ") | I53: =IF($Q$1=2, IF(A55<>1, ATAN(H53), 0), " ") | J53: =IF($Q$1=1, D53, G53) -> 0.0023297096 | K53: =IF($Q$1=1, F53, I53) -> 0.15299803 | L53: =B53-C53*SIN(K53) -> 0.010388172 | M53: =J53+C53*COS(K53) -> 0.021649558 | N53: =B53+C53*SIN(K53) -> 0.016346534 | O53: =J53-C53*COS(K53) -> -0.016990139 | R53: =IF($T$1, J53, -0.2) -> -0.2
B54: 0.013885221 | C54: =IF(AND($Q$1=2, $A$3=1), 0, 5*($A$4/100)*(0.2969*SQRT(B54)-0.126*B54-0.3516*(B54^2)+0.2843*(B54^3)-0.1015*(B54^4))) -> 0.019901287 | D54: =IF($Q$1=1, IF(B54<$A$8, ($A$10/6)*((B54^3)-3*$A$8*(B54^2)+($A$8^2)*(3-$A$8)*B54), (($A$10*($A$8^3))/6)*(1-B54)), " ") -> 0.0024091795 | E54: =IF($Q$1=1,IF(B54<$A$8, ($A$10/6)*(3*(B54^2)-6*$A$8*B54+($A$8^2)*(3-$A$8)), -($A$10*($A$8^3))/6), " ") -> 0.1527099 | F54: =IF($Q$1=1, ATAN(E54), " ") -> 0.15153915 | G54: =IF($Q$1=2, IF(A56<>1, IF(B54<$A$11, ($A$12/6)*((B54-$A$11)^3-$A$13*((1-$A$11)^3)*B54-($A$11^3)*B54+$A$11^3), ($A$12/6)*($A$13*(B54-$A$11)^3-$A$13*((1-$A$11)^3)*B54-($A$11^3)*B54+$A$11^3)), 0), " ") | H54: =IF($Q$1=2, IF(A56<>1, IF(B54<$A$11, ($A$12/6)*(3*(B54-$A$11)^2-$A$13*((1-$A$11)^3)-($A$11^3)), ($A$12/6)*(3*$A$13*(B54-$A$11)^2-$A$13*((1-$A$11)^3)-($A$11^3))),0 ), " ") | I54: =IF($Q$1=2, IF(A56<>1, ATAN(H54), 0), " ") | J54: =IF($Q$1=1, D54, G54) -> 0.0024091795 | K54: =IF($Q$1=1, F54, I54) -> 0.15153915 | L54: =B54-C54*SIN(K54) -> 0.010880926 | M54: =J54+C54*COS(K54) -> 0.022082395 | N54: =B54+C54*SIN(K54) -> 0.016889516 | O54: =J54-C54*COS(K54) -> -0.017264036 | R54: =IF($T$1, J54, -0.2) -> -0.2
B55: 0.01441286 | C55: =IF(AND($Q$1=2, $A$3=1), 0, 5*($A$4/100)*(0.2969*SQRT(B55)-0.126*B55-0.3516*(B55^2)+0.2843*(B55^3)-0.1015*(B55^4))) -> 0.020253417 | D55: =IF($Q$1=1, IF(B55<$A$8, ($A$10/6)*((B55^3)-3*$A$8*(B55^2)+($A$8^2)*(3-$A$8)*B55), (($A$10*($A$8^3))/6)*(1-B55)), " ") -> 0.0024893555 | E55: =IF($Q$1=1,IF(B55<$A$8, ($A$10/6)*(3*(B55^2)-6*$A$8*B55+($A$8^2)*(3-$A$8)), -($A$10*($A$8^3))/6), " ") -> 0.15119557 | F55: =IF($Q$1=1, ATAN(E55), " ") -> 0.150059 | G55: =IF($Q$1=2, IF(A57<>1, IF(B55<$A$11, ($A$12/6)*((B55-$A$11)^3-$A$13*((1-$A$11)^3)*B55-($A$11^3)*B55+$A$11^3), ($A$12/6)*($A$13*(B55-$A$11)^3-$A$13*((1-$A$11)^3)*B55-($A$11^3)*B55+$A$11^3)), 0), " ") | H55: =IF($Q$1=2, IF(A57<>1, IF(B55<$A$11, ($A$12/6)*(3*(B55-$A$11)^2-$A$13*((1-$A$11)^3)-($A$11^3)), ($A$12/6)*(3*$A$13*(B55-$A$11)^2-$A$13*((1-$A$11)^3)-($A$11^3))),0 ), " ") | I55: =IF($Q$1=2, IF(A57<>1, ATAN(H55), 0), " ") | J55: =IF($Q$1=1, D55, G55) -> 0.0024893555 | K55: =IF($Q$1=1, F55, I55) -> 0.150059 | L55: =B55-C55*SIN(K55) -> 0.011385046 | M55: =J55+C55*COS(K55) -> 0.022515169 | N55: =B55+C55*SIN(K55) -> 0.017440675 | O55: =J55-C55*COS(K55) -> -0.017536458 | R55: =IF($T$1, J55, -0.2) -> -0.2
B56: 0.014950266 | C56: =IF(AND($Q$1=2, $A$3=1), 0, 5*($A$4/100)*(0.2969*SQRT(B56)-0.126*B56-0.3516*(B56^2)+0.2843*(B56^3)-0.1015*(B56^4))) -> 0.020604581 | D56: =IF($Q$1=1, IF(B56<$A$8, ($A$10/6)*((B56^3)-3*$A$8*(B56^2)+($A$8^2)*(3-$A$8)*B56), (($A$10*($A$8^3))/6)*(1-B56)), " ") -> 0.0025701961 | E56: =IF($Q$1=1,IF(B56<$A$8, ($A$10/6)*(3*(B56^2)-6*$A$8*B56+($A$8^2)*(3-$A$8)), -($A$10*($A$8^3))/6), " ") -> 0.14966055 | F56: =IF($Q$1=1, ATAN(E56), " ") -> 0.14855795 | G56: =IF($Q$1=2, IF(A58<>1, IF(B56<$A$11, ($A$12/6)*((B56-$A$11)^3-$A$13*((1-$A$11)^3)*B56-($A$11^3)*B56+$A$11^3), ($A$12/6)*($A$13*(B56-$A$11)^3-$A$13*((1-$A$11)^3)*B56-($A$11^3)*B56+$A$11^3)), 0), " ") | H56: =IF($Q$1=2, IF(A58<>1, IF(B56<$A$11, ($A$12/6)*(3*(B56-$A$11)^2-$A$13*((1-$A$11)^3)-($A$11^3)), ($A$12/6)*(3*$A$13*(B56-$A$11)^2-$A$13*((1-$A$11)^3)-($A$11^3))),0 ), " ") | I56: =IF($Q$1=2, IF(A58<>1, ATAN(H56), 0), " ") | J56: =IF($Q$1=1, D56, G56) -> 0.0025701961 | K56: =IF($Q$1=1, F56, I56) -> 0.14855795 | L56: =B56-C56*SIN(K56) -> 0.011900539 | M56: =J56+C56*COS(K56) -> 0.022947829 | N56: =B56+C56*SIN(K56) -> 0.017999994 | O56: =J56-C56*COS(K56) -> -0.017807437 | R56: =IF($T$1, J56, -0.2) -> -0.2
B57: 0.015497433 | C57: =IF(AND($Q$1=2, $A$3=1), 0, 5*($A$4/100)*(0.2969*SQRT(B57)-0.126*B57-0.3516*(B57^2)+0.2843*(B57^3)-0.1015*(B57^4))) -> 0.020954774 | D57: =IF($Q$1=1, IF(B57<$A$8, ($A$10/6)*((B57^3)-3*$A$8*(B57^2)+($A$8^2)*(3-$A$8)*B57), (($A$10*($A$8^3))/6)*(1-B57)), " ") -> 0.0026516595 | E57: =IF($Q$1=1,IF(B57<$A$8, ($A$10/6)*(3*(B57^2)-6*$A$8*B57+($A$8^2)*(3-$A$8)), -($A$10*($A$8^3))/6), " ") -> 0.14810527 | F57: =IF($Q$1=1, ATAN(E57), " ") -> 0.1470364 | G57: =IF($Q$1=2, IF(A59<>1, IF(B57<$A$11, ($A$12/6)*((B57-$A$11)^3-$A$13*((1-$A$11)^3)*B57-($A$11^3)*B57+$A$11^3), ($A$12/6)*($A$13*(B57-$A$11)^3-$A$13*((1-$A$11)^3)*B57-($A$11^3)*B57+$A$11^3)), 0), " ") | H57: =IF($Q$1=2, IF(A59<>1, IF(B57<$A$11, ($A$12/6)*(3*(B57-$A$11)^2-$A$13*((1-$A$11)^3)-($A$11^3)), ($A$12/6)*(3*$A$13*(B57-$A$11)^2-$A$13*((1-$A$11)^3)-($A$11^3))),0 ), " ") | I57: =IF($Q$1=2, IF(A59<>1, ATAN(H57), 0), " ") | J57: =IF($Q$1=1, D57, G57) -> 0.0026516595 | K57: =IF($Q$1=1, F57, I57) -> 0.1470364 | L57: =B57-C57*SIN(K57) -> 0.012427409 | M57: =J57+C57*COS(K57) -> 0.023380323 | N57: =B57+C57*SIN(K57) -> 0.018567458 | O57: =J57-C57*COS(K57) -> -0.018077004 | R57: =IF($T$1, J57, -0.2) -> -0.2
B58: 0.016054356 | C58: =IF(AND($Q$1=2, $A$3=1), 0, 5*($A$4/100)*(0.2969*SQRT(B58)-0.126*B58-0.3516*(B58^2)+0.2843*(B58^3)-0.1015*(B58^4))) -> 0.021303988 | D58: =IF($Q$1=1, IF(B58<$A$8, ($A$10/6)*((B58^3)-3*$A$8*(B58^2)+($A$8^2)*(3-$A$8)*B58), (($A$10*($A$8^3))/6)*(1-B58)), " ") -> 0.0027337037 | E58: =IF($Q$1=1,IF(B58<$A$8, ($A$10/6)*(3*(B58^2)-6*$A$8*B58+($A$8^2)*(3-$A$8)), -($A$10*($A$8^3))/6), " ") -> 0.14653014 | F58: =IF($Q$1=1, ATAN(E58), " ") -> 0.14549473 | G58: =IF($Q$1=2, IF(A60<>1, IF(B58<$A$11, ($A$12/6)*((B58-$A$11)^3-$A$13*((1-$A$11)^3)*B58-($A$11^3)*B58+$A$11^3), ($A$12/6)*($A$13*(B58-$A$11)^3-$A$13*((1-$A$11)^3)*B58-($A$11^3)*B58+$A$11^3)), 0), " ") | H58: =IF($Q$1=2, IF(A60<>1, IF(B58<$A$11, ($A$12/6)*(3*(B58-$A$11)^2-$A$13*((1-$A$11)^3)-($A$11^3)), ($A$12/6)*(3*$A$13*(B58-$A$11)^2-$A$13*((1-$A$11)^3)-($A$11^3))),0 ), " ") | I58: =IF($Q$1=2, IF(A60<>1, ATAN(H58), 0), " ") | J58: =IF($Q$1=1, D58, G58) -> 0.0027337037 | K58: =IF($Q$1=1, F58, I58) -> 0.14549473 | L58: =B58-C58*SIN(K58) -> 0.012965662 | M58: =J58+C58*COS(K58) -> 0.0238126 | N58: =B58+C58*SIN(K58) -> 0.01914305 | O58: =J58-C58*COS(K58) -> -0.018345192 | R58: =IF($T$1, J58, -0.2) -> -0.2
B59: 0.016621029 | C59: =IF(AND($Q$1=2, $A$3=1), 0, 5*($A$4/100)*(0.2969*SQRT(B59)-0.126*B59-0.3516*(B59^2)+0.2843*(B59^3)-0.1015*(B59^4))) -> 0.021652216 | D59: =IF($Q$1=1, IF(B59<$A$8, ($A$10/6)*((B59^3)-3*$A$8*(B59^2)+($A$8^2)*(3-$A$8)*B59), (($A$10*($A$8^3))/6)*(1-B59)), " ") -> 0.0028162862 | E59: =IF($Q$1=1,IF(B59<$A$8, ($A$10/6)*(3*(B59^2)-6*$A$8*B59+($A$8^2)*(3-$A$8)), -($A$10*($A$8^3))/6), " ") -> 0.14493561 | F59: =IF($Q$1=1, ATAN(E59), " ") -> 0.14393336 | G59: =IF($Q$1=2, IF(A61<>1, IF(B59<$A$11, ($A$12/6)*((B59-$A$11)^3-$A$13*((1-$A$11)^3)*B59-($A$11^3)*B59+$A$11^3), ($A$12/6)*($A$13*(B59-$A$11)^3-$A$13*((1-$A$11)^3)*B59-($A$11^3)*B59+$A$11^3)), 0), " ") | H59: =IF($Q$1=2, IF(A61<>1, IF(B59<$A$11, ($A$12/6)*(3*(B59-$A$11)^2-$A$13*((1-$A$11)^3)-($A$11^3)), ($A$12/6)*(3*$A$13*(B59-$A$11)^2-$A$13*((1-$A$11)^3)-($A$11^3))),0 ), " ") | I59: =IF($Q$1=2, IF(A61<>1, ATAN(H59), 0), " ") | J59: =IF($Q$1=1, D59, G59) -> 0.0028162862 | K59: =IF($Q$1=1, F59, I59) -> 0.14393336 | L59: =B59-C59*SIN(K59) -> 0.013515302 | M59: =J59+C59*COS(K59) -> 0.024244606 | N59: =B59+C59*SIN(K59) -> 0.019726756 | O59: =J59-C59*COS(K59) -> -0.018612034 | R59: =IF($T$1, J59, -0.2) -> -0.2
B60: 0.017197446 | C60: =IF(AND($Q$1=2, $A$3=1), 0, 5*($A$4/100)*(0.2969*SQRT(B60)-0.126*B60-0.3516*(B60^2)+0.2843*(B60^3)-0.1015*(B60^4))) -> 0.021999451 | D60: =IF($Q$1=1, IF(B60<$A$8, ($A$10/6)*((B60^3)-3*$A$8*(B60^2)+($A$8^2)*(3-$A$8)*B60), (($A$10*($A$8^3))/6)*(1-B60)), " ") -> 0.0028993641 | E60: =IF($Q$1=1,IF(B60<$A$8, ($A$10/6)*(3*(B60^2)-6*$A$8*B60+($A$8^2)*(3-$A$8)), -($A$10*($A$8^3))/6), " ") -> 0.14332212 | F60: =IF($Q$1=1, ATAN(E60), " ") -> 0.1423527 | G60: =IF($Q$1=2, IF(A62<>1, IF(B60<$A$11, ($A$12/6)*((B60-$A$11)^3-$A$13*((1-$A$11)^3)*B60-($A$11^3)*B60+$A$11^3), ($A$12/6)*($A$13*(B60-$A$11)^3-$A$13*((1-$A$11)^3)*B60-($A$11^3)*B60+$A$11^3)), 0), " ") | H60: =IF($Q$1=2, IF(A62<>1, IF(B60<$A$11, ($A$12/6)*(3*(B60-$A$11)^2-$A$13*((1-$A$11)^3)-($A$11^3)), ($A$12/6)*(3*$A$13*(B60-$A$11)^2-$A$13*((1-$A$11)^3)-($A$11^3))),0 ), " ") | I60: =IF($Q$1=2, IF(A62<>1, ATAN(H60), 0), " ") | J60: =IF($Q$1=1, D60, G60) -> 0.0028993641 | K60: =IF($Q$1=1, F60, I60) -> 0.1423527 | L60: =B60-C60*SIN(K60) -> 0.014076331 | M60: =J60+C60*COS(K60) -> 0.024676289 | N60: =B60+C60*SIN(K60) -> 0.020318561 | O60: =J60-C60*COS(K60) -> -0.018877561 | R60: =IF($T$1, J60, -0.2) -> -0.2
B61: 0.017783602 | C61: =IF(AND($Q$1=2, $A$3=1), 0, 5*($A$4/100)*(0.2969*SQRT(B61)-0.126*B61-0.3516*(B61^2)+0.2843*(B61^3)-0.1015*(B61^4))) -> 0.022345686 | D61: =IF($Q$1=1, IF(B61<$A$8, ($A$10/6)*((B61^3)-3*$A$8*(B61^2)+($A$8^2)*(3-$A$8)*B61), (($A$10*($A$8^3))/6)*(1-B61)), " ") -> 0.0029828945 | E61: =IF($Q$1=1,IF(B61<$A$8, ($A$10/6)*(3*(B61^2)-6*$A$8*B61+($A$8^2)*(3-$A$8)), -($A$10*($A$8^3))/6), " ") -> 0.1416901 | F61: =IF($Q$1=1, ATAN(E61), " ") -> 0.14075317 | G61: =IF($Q$1=2, IF(A63<>1, IF(B61<$A$11, ($A$12/6)*((B61-$A$11)^3-$A$13*((1-$A$11)^3)*B61-($A$11^3)*B61+$A$11^3), ($A$12/6)*($A$13*(B61-$A$11)^3-$A$13*((1-$A$11)^3)*B61-($A$11^3)*B61+$A$11^3)), 0), " ") | H61: =IF($Q$1=2, IF(A63<>1, IF(B61<$A$11, ($A$12/6)*(3*(B61-$A$11)^2-$A$13*((1-$A$11)^3)-($A$11^3)), ($A$12/6)*(3*$A$13*(B61-$A$11)^2-$A$13*((1-$A$11)^3)-($A$11^3))),0 ), " ") | I61: =IF($Q$1=2, IF(A63<>1, ATAN(H61), 0), " ") | J61: =IF($Q$1=1, D61, G61) -> 0.0029828945 | K61: =IF($Q$1=1, F61, I61) -> 0.14075317 | L61: =B61-C61*SIN(K61) -> 0.014648751 | M61: =J61+C61*COS(K61) -> 0.025107595 | N61: =B61+C61*SIN(K61) -> 0.020918453 | O61: =J61-C61*COS(K61) -> -0.019141806 | R61: =IF($T$1, J61, -0.2) -> -0.2
B62: 0.018379491 | C62: =IF(AND($Q$1=2, $A$3=1), 0, 5*($A$4/100)*(0.2969*SQRT(B62)-0.126*B62-0.3516*(B62^2)+0.2843*(B62^3)-0.1015*(B62^4))) -> 0.022690914 | D62: =IF($Q$1=1, IF(B62<$A$8, ($A$10/6)*((B62^3)-3*$A$8*(B62^2)+($A$8^2)*(3-$A$8)*B62), (($A$10*($A$8^3))/6)*(1-B62)), " ") -> 0.003066834 | E62: =IF($Q$1=1,IF(B62<$A$8, ($A$10/6)*(3*(B62^2)-6*$A$8*B62+($A$8^2)*(3-$A$8)), -($A$10*($A$8^3))/6), " ") -> 0.14004002 | F62: =IF($Q$1=1, ATAN(E62), " ") -> 0.1391352 | G62: =IF($Q$1=2, IF(A64<>1, IF(B62<$A$11, ($A$12/6)*((B62-$A$11)^3-$A$13*((1-$A$11)^3)*B62-($A$11^3)*B62+$A$11^3), ($A$12/6)*($A$13*(B62-$A$11)^3-$A$13*((1-$A$11)^3)*B62-($A$11^3)*B62+$A$11^3)), 0), " ") | H62: =IF($Q$1=2, IF(A64<>1, IF(B62<$A$11, ($A$12/6)*(3*(B62-$A$11)^2-$A$13*((1-$A$11)^3)-($A$11^3)), ($A$12/6)*(3*$A$13*(B62-$A$11)^2-$A$13*((1-$A$11)^3)-($A$11^3))),0 ), " ") | I62: =IF($Q$1=2, IF(A64<>1, ATAN(H62), 0), " ") | J62: =IF($Q$1=1, D62, G62) -> 0.003066834 | K62: =IF($Q$1=1, F62, I62) -> 0.1391352 | L62: =B62-C62*SIN(K62) -> 0.015232563 | M62: =J62+C62*COS(K62) -> 0.02553847 | N62: =B62+C62*SIN(K62) -> 0.021526419 | O62: =J62-C62*COS(K62) -> -0.019404802 | R62: =IF($T$1, J62, -0.2) -> -0.2
... B500: 1 | C500: =IF(AND($Q$1=2, $A$3=1), 0, 5*($A$4/100)*(0.2969*SQRT(B500)-0.126*B500-0.3516*(B500^2)+0.2843*(B500^3)-0.1015*(B500^4))) -> 0.00126 | D500: =IF($Q$1=1, IF(B500<$A$8, ($A$10/6)*((B500^3)-3*$A$8*(B500^2)+($A$8^2)*(3-$A$8)*B500), (($A$10*($A$8^3))/6)*(1-B500)), " ") -> 9.4975994e-19 | E500: =IF($Q$1=1,IF(B500<$A$8, ($A$10/6)*(3*(B500^2)-6*$A$8*B500+($A$8^2)*(3-$A$8)), -($A$10*($A$8^3))/6), " ") -> -0.0085546771 | F500: =IF($Q$1=1, ATAN(E500), " ") -> -0.0085544684 | G500: =IF($Q$1=2, IF(A502<>1, IF(B500<$A$11, ($A$12/6)*((B500-$A$11)^3-$A$13*((1-$A$11)^3)*B500-($A$11^3)*B500+$A$11^3), ($A$12/6)*($A$13*(B500-$A$11)^3-$A$13*((1-$A$11)^3)*B500-($A$11^3)*B500+$A$11^3)), 0), " ") | H500: =IF($Q$1=2, IF(A502<>1, IF(B500<$A$11, ($A$12/6)*(3*(B500-$A$11)^2-$A$13*((1-$A$11)^3)-($A$11^3)), ($A$12/6)*(3*$A$13*(B500-$A$11)^2-$A$13*((1-$A$11)^3)-($A$11^3))),0 ), " ") | I500: =IF($Q$1=2, IF(A502<>1, ATAN(H500), 0), " ") | J500: =IF($Q$1=1, D500, G500) -> 9.4975994e-19 | K500: =IF($Q$1=1, F500, I500) -> -0.0085544684 | L500: =B500-C500*SIN(K500) -> 1.0000108 | M500: =J500+C500*COS(K500) -> 0.0012599539 | N500: =B500+C500*SIN(K500) -> 0.99998922 | O500: =J500-C500*COS(K500) -> -0.0012599539 | R500: =IF($T$1, J500, -0.2) -> -0.2

Sheet NACA_5-digit
A1: BACK | E1: Name | F1: =IF(Data2!Q1=2, IF(Data2!A3=1,"_", 2*10^4+Data2!A3*10^3+F4*100+Data2!A4 ), Data2!A2*10^4+Data2!A3*10^3+F4*100+Data2!A4) -> 12012
E2: Design Lift Coefficient | F2: =IF(Data2!Q1=2, IF(Data2!A3=1, "_", 0.3), Data2!A14) -> 0.15 | H2: Leading-Edge Radius | I2: =IF(AND(Data2!Q1=2,Data2!A3=1),"_", Data2!U2) -> 0.01586693
E3: Position of Camber | F3: =IF(AND(Data2!Q1=2,Data2!A3=1),"_",Data2!A5) -> 0.1 | H3: Trailing-Edge Angle | I3: =IF(AND(Data2!Q1=2,Data2!A3=1), "_", DEGREES(2*ATAN(1.16925*F5))) -> 15.97406
E4: Indication of Camber | F4: =IF(AND(Data2!Q1=2,Data2!A3=1), "_", IF(Data2!Q1=1, 0, 1)) -> 0
E5: Maximum Thickness | F5: =IF(AND(Data2!Q1=2,Data2!A3=1),"_", Data2!A7) -> 0.12

Sheet Data3
A1: =IF(L1=1, 0, A4/100) -> 0.02 | B1: {=1-COS((_xlfn.SEQUENCE(500,1,0,1)*PI())/(2*(500-1)))} -> 0 | C1: =IF($A$1=0, 0, IF(B1<=$A$2, ($A$1/$A$2^2)*(2*$A$2*B1-B1^2), ($A$1/(1-$A$2)^2)*((1-2*$A$2)+2*$A$2*B1-B1^2))) -> 0 | D1: =IF(B1<$N$1, ($A$3/0.2)*($O$1*SQRT(B1)+$P$1*B1+$Q$1*(B1^2)+$R$1*(B1^3)), ($A$3/0.2)*($S$1+$T$1*(1-B1)+$U$1*((1-B1)^2)+$V$1*((1-B1)^3))) -> 0 | E1: =IF($A$1=0, 0, IF(B1<=$A$2, ($A$1/$A$2^2) *(2*$A$2-2*B1), ($A$1/(1-$A$2)^2)*(2*$A$2-2*B1))) -> 0.1 | F1: =IF($A$1=0, 0, ATAN(E1)) -> 0.099668652 | G1: =B1-D1*SIN(F1) -> 0 | H1: =C1+D1*COS(F1) -> 0 | I1: =B1+D1*SIN(F1) -> 0 | J1: =C1-D1*COS(F1) -> 0 | K1: =2*D1*COS(F1) -> 0 | L1: 2 | M1: 4 | N1: =$N$2/10 -> 0.4 | O1: =IF($M$1=9, 0.2969*SQRT(3),0.2969*(M1/6)) -> 0.19793333 | P1: =(0.3/N1)-1.875*(O1/SQRT(N1))-0.1*(N1/W1) -> 0.046533185 | Q1: =-(0.3/(N1^2))+1.25*(O1/POWER(N1, 3/2))+(0.2/W1) -> -0.31366642 | R1: =(0.1/N1^3)-0.375*(O1/POWER(N1, 5/2))-(0.1/(W1*N1)) -> 0.099833148 | S1: 0.002 | T1: =IF(N1=0.2, 0.2, IF(N1=0.3, 0.234, IF(N1=0.4, 0.315, IF(N1=0.5, 0.465, 0.7)))) -> 0.315 | U1: =(0.294-2*(1-N1)*T1)/((1-N1)^2) -> -0.23333333 | V1: =(-0.196+(1-N1)*T1)/((1-N1)^3) -> -0.032407407 | W1: =0.2*((1-N1)^2/(0.588-2*T1*(1-N1))) -> 0.34285714 | Y1: =IF($Z$1, C1, -0.2) -> -0.2 | Z1: FALSE | AA1: =$E$1 -> 0.1 | AB1: {=_xlfn.SEQUENCE(50, 1, 0, (2*PI())/(50-1))} -> 0 | AC1: =$AA$2*(COS(ATAN($AA$1))+COS(AB1)) -> 0.0079137788 | AD1: =IF($Z$2, $AA$2*(SIN(ATAN($AA$1))+SIN(AB1)), -0.2) -> -0.2
A2: =A5/10 -> 0.4 | B2: 4.9545967e-06 | C2: =IF($A$1=0, 0, IF(B2<=$A$2, ($A$1/$A$2^2)*(2*$A$2*B2-B2^2), ($A$1/(1-$A$2)^2)*((1-2*$A$2)+2*$A$2*B2-B2^2))) -> 4.954566e-07 | D2: =IF(B2<$N$1, ($A$3/0.2)*($O$1*SQRT(B2)+$P$1*B2+$Q$1*(B2^2)+$R$1*(B2^3)), ($A$3/0.2)*($S$1+$T$1*(1-B2)+$U$1*((1-B2)^2)+$V$1*((1-B2)^3))) -> 0.00019836398 | E2: =IF($A$1=0, 0, IF(B2<=$A$2, ($A$1/$A$2^2) *(2*$A$2-2*B2), ($A$1/(1-$A$2)^2)*(2*$A$2-2*B2))) -> 0.099998761 | F2: =IF($A$1=0, 0, ATAN(E2)) -> 0.099667426 | G2: =B2-D2*SIN(F2) -> -1.4783115e-05 | H2: =C2+D2*COS(F2) -> 0.00019787501 | I2: =B2+D2*SIN(F2) -> 2.4692308e-05 | J2: =C2-D2*COS(F2) -> -0.0001968841 | K2: =2*D2*COS(F2) -> 0.00039475911 | N2: 4 | Y2: =IF($Z$1, C2, -0.2) -> -0.2 | Z2: FALSE | AA2: =0.5*(0.2969*($A$3/0.2)*($M$1/6))^2 -> 0.0039667324 | AB2: 0.12822827 | AC2: =$AA$2*(COS(ATAN($AA$1))+COS(AB2)) -> 0.0078812119 | AD2: =IF($Z$2, $AA$2*(SIN(ATAN($AA$1))+SIN(AB2)), -0.2) -> -0.2
A3: =A6/100 -> 0.09 | B3: 1.9818338e-05 | C3: =IF($A$1=0, 0, IF(B3<=$A$2, ($A$1/$A$2^2)*(2*$A$2*B3-B3^2), ($A$1/(1-$A$2)^2)*((1-2*$A$2)+2*$A$2*B3-B3^2))) -> 1.9817847e-06 | D3: =IF(B3<$N$1, ($A$3/0.2)*($O$1*SQRT(B3)+$P$1*B3+$Q$1*(B3^2)+$R$1*(B3^3)), ($A$3/0.2)*($S$1+$T$1*(1-B3)+$U$1*((1-B3)^2)+$V$1*((1-B3)^3))) -> 0.00039693491 | E3: =IF($A$1=0, 0, IF(B3<=$A$2, ($A$1/$A$2^2) *(2*$A$2-2*B3), ($A$1/(1-$A$2)^2)*(2*$A$2-2*B3))) -> 0.099995045 | F3: =IF($A$1=0, 0, ATAN(E3)) -> 0.099663747 | G3: =B3-D3*SIN(F3) -> -1.9676224e-05 | H3: =C3+D3*COS(F3) -> 0.00039694697 | I3: =B3+D3*SIN(F3) -> 5.93129e-05 | J3: =C3-D3*COS(F3) -> -0.00039298341 | K3: =2*D3*COS(F3) -> 0.00078993038 | Y3: =IF($Z$1, C3, -0.2) -> -0.2 | AB3: 0.25645654 | AC3: =$AA$2*(COS(ATAN($AA$1))+COS(AB3)) -> 0.0077840462 | AD3: =IF($Z$2, $AA$2*(SIN(ATAN($AA$1))+SIN(AB3)), -0.2) -> -0.2
A4: 2 | B4: 4.4591076e-05 | C4: =IF($A$1=0, 0, IF(B4<=$A$2, ($A$1/$A$2^2)*(2*$A$2*B4-B4^2), ($A$1/(1-$A$2)^2)*((1-2*$A$2)+2*$A$2*B4-B4^2))) -> 4.458859e-06 | D4: =IF(B4<$N$1, ($A$3/0.2)*($O$1*SQRT(B4)+$P$1*B4+$Q$1*(B4^2)+$R$1*(B4^3)), ($A$3/0.2)*($S$1+$T$1*(1-B4)+$U$1*((1-B4)^2)+$V$1*((1-B4)^3))) -> 0.00059571218 | E4: =IF($A$1=0, 0, IF(B4<=$A$2, ($A$1/$A$2^2) *(2*$A$2-2*B4), ($A$1/(1-$A$2)^2)*(2*$A$2-2*B4))) -> 0.099988852 | F4: =IF($A$1=0, 0, ATAN(E4)) -> 0.099657615 | G4: =B4-D4*SIN(F4) -> -1.4677959e-05 | H4: =C4+D4*COS(F4) -> 0.00059721529 | I4: =B4+D4*SIN(F4) -> 0.00010386011 | J4: =C4-D4*COS(F4) -> -0.00058829757 | K4: =2*D4*COS(F4) -> 0.0011855129 | Y4: =IF($Z$1, C4, -0.2) -> -0.2 | AB4: 0.38468481 | AC4: =$AA$2*(COS(ATAN($AA$1))+COS(AB4)) -> 0.0076238771 | AD4: =IF($Z$2, $AA$2*(SIN(ATAN($AA$1))+SIN(AB4)), -0.2) -> -0.2
A5: 4 | B5: 7.9272565e-05 | C5: =IF($A$1=0, 0, IF(B5<=$A$2, ($A$1/$A$2^2)*(2*$A$2*B5-B5^2), ($A$1/(1-$A$2)^2)*((1-2*$A$2)+2*$A$2*B5-B5^2))) -> 7.926471e-06 | D5: =IF(B5<$N$1, ($A$3/0.2)*($O$1*SQRT(B5)+$P$1*B5+$Q$1*(B5^2)+$R$1*(B5^3)), ($A$3/0.2)*($S$1+$T$1*(1-B5)+$U$1*((1-B5)^2)+$V$1*((1-B5)^3))) -> 0.00079469509 | E5: =IF($A$1=0, 0, IF(B5<=$A$2, ($A$1/$A$2^2) *(2*$A$2-2*B5), ($A$1/(1-$A$2)^2)*(2*$A$2-2*B5))) -> 0.099980182 | F5: =IF($A$1=0, 0, ATAN(E5)) -> 0.099649031 | G5: =B5-D5*SIN(F5) -> 2.129648e-07 | H5: =C5+D5*COS(F5) -> 0.00079867919 | I5: =B5+D5*SIN(F5) -> 0.00015833217 | J5: =C5-D5*COS(F5) -> -0.00078282625 | K5: =2*D5*COS(F5) -> 0.0015815054 | Y5: =IF($Z$1, C5, -0.2) -> -0.2 | AB5: 0.51291309 | AC5: =$AA$2*(COS(ATAN($AA$1))+COS(AB5)) -> 0.0074033345 | AD5: =IF($Z$2, $AA$2*(SIN(ATAN($AA$1))+SIN(AB5)), -0.2) -> -0.2
A6: 9 | B6: 0.00012386246 | C6: =IF($A$1=0, 0, IF(B6<=$A$2, ($A$1/$A$2^2)*(2*$A$2*B6-B6^2), ($A$1/(1-$A$2)^2)*((1-2*$A$2)+2*$A$2*B6-B6^2))) -> 1.2384329e-05 | D6: =IF(B6<$N$1, ($A$3/0.2)*($O$1*SQRT(B6)+$P$1*B6+$Q$1*(B6^2)+$R$1*(B6^3)), ($A$3/0.2)*($S$1+$T$1*(1-B6)+$U$1*((1-B6)^2)+$V$1*((1-B6)^3))) -> 0.00099388284 | E6: =IF($A$1=0, 0, IF(B6<=$A$2, ($A$1/$A$2^2) *(2*$A$2-2*B6), ($A$1/(1-$A$2)^2)*(2*$A$2-2*B6))) -> 0.099969034 | F6: =IF($A$1=0, 0, ATAN(E6)) -> 0.099637993 | G6: =B6-D6*SIN(F6) -> 2.4997745e-05 | H6: =C6+D6*COS(F6) -> 0.0010013377 | I6: =B6+D6*SIN(F6) -> 0.00022272718 | J6: =C6-D6*COS(F6) -> -0.00097656909 | K6: =2*D6*COS(F6) -> 0.0019779068 | Y6: =IF($Z$1, C6, -0.2) -> -0.2 | AB6: 0.64114136 | AC6: =$AA$2*(COS(ATAN($AA$1))+COS(AB6)) -> 0.0071260397 | AD6: =IF($Z$2, $AA$2*(SIN(ATAN($AA$1))+SIN(AB6)), -0.2) -> -0.2
B7: 0.00017836033 | C7: =IF($A$1=0, 0, IF(B7<=$A$2, ($A$1/$A$2^2)*(2*$A$2*B7-B7^2), ($A$1/(1-$A$2)^2)*((1-2*$A$2)+2*$A$2*B7-B7^2))) -> 1.7832056e-05 | D7: =IF(B7<$N$1, ($A$3/0.2)*($O$1*SQRT(B7)+$P$1*B7+$Q$1*(B7^2)+$R$1*(B7^3)), ($A$3/0.2)*($S$1+$T$1*(1-B7)+$U$1*((1-B7)^2)+$V$1*((1-B7)^3))) -> 0.0011932746 | E7: =IF($A$1=0, 0, IF(B7<=$A$2, ($A$1/$A$2^2) *(2*$A$2-2*B7), ($A$1/(1-$A$2)^2)*(2*$A$2-2*B7))) -> 0.09995541 | F7: =IF($A$1=0, 0, ATAN(E7)) -> 0.099624504 | G7: =B7-D7*SIN(F7) -> 5.967749e-05 | H7: =C7+D7*COS(F7) -> 0.0012051899 | I7: =B7+D7*SIN(F7) -> 0.00029704316 | J7: =C7-D7*COS(F7) -> -0.0011695257 | K7: =2*D7*COS(F7) -> 0.0023747156 | Y7: =IF($Z$1, C7, -0.2) -> -0.2 | AB7: 0.76936963 | AC7: =$AA$2*(COS(ATAN($AA$1))+COS(AB7)) -> 0.006796546 | AD7: =IF($Z$2, $AA$2*(SIN(ATAN($AA$1))+SIN(AB7)), -0.2) -> -0.2
B8: 0.00024276562 | C8: =IF($A$1=0, 0, IF(B8<=$A$2, ($A$1/$A$2^2)*(2*$A$2*B8-B8^2), ($A$1/(1-$A$2)^2)*((1-2*$A$2)+2*$A$2*B8-B8^2))) -> 2.4269195e-05 | D8: =IF(B8<$N$1, ($A$3/0.2)*($O$1*SQRT(B8)+$P$1*B8+$Q$1*(B8^2)+$R$1*(B8^3)), ($A$3/0.2)*($S$1+$T$1*(1-B8)+$U$1*((1-B8)^2)+$V$1*((1-B8)^3))) -> 0.0013928693 | E8: =IF($A$1=0, 0, IF(B8<=$A$2, ($A$1/$A$2^2) *(2*$A$2-2*B8), ($A$1/(1-$A$2)^2)*(2*$A$2-2*B8))) -> 0.099939309 | F8: =IF($A$1=0, 0, ATAN(E8)) -> 0.099608562 | G8: =B8-D8*SIN(F8) -> 0.00010425322 | H8: =C8+D8*COS(F8) -> 0.0014102343 | I8: =B8+D8*SIN(F8) -> 0.00038127801 | J8: =C8-D8*COS(F8) -> -0.0013616959 | K8: =2*D8*COS(F8) -> 0.0027719301 | Y8: =IF($Z$1, C8, -0.2) -> -0.2 | AB8: 0.8975979 | AC8: =$AA$2*(COS(ATAN($AA$1))+COS(AB8)) -> 0.0064202635 | AD8: =IF($Z$2, $AA$2*(SIN(ATAN($AA$1))+SIN(AB8)), -0.2) -> -0.2
B9: 0.00031707769 | C9: =IF($A$1=0, 0, IF(B9<=$A$2, ($A$1/$A$2^2)*(2*$A$2*B9-B9^2), ($A$1/(1-$A$2)^2)*((1-2*$A$2)+2*$A$2*B9-B9^2))) -> 3.1695202e-05 | D9: =IF(B9<$N$1, ($A$3/0.2)*($O$1*SQRT(B9)+$P$1*B9+$Q$1*(B9^2)+$R$1*(B9^3)), ($A$3/0.2)*($S$1+$T$1*(1-B9)+$U$1*((1-B9)^2)+$V$1*((1-B9)^3))) -> 0.001592666 | E9: =IF($A$1=0, 0, IF(B9<=$A$2, ($A$1/$A$2^2) *(2*$A$2-2*B9), ($A$1/(1-$A$2)^2)*(2*$A$2-2*B9))) -> 0.099920731 | F9: =IF($A$1=0, 0, ATAN(E9)) -> 0.099590167 | G9: =B9-D9*SIN(F9) -> 0.00015872588 | H9: =C9+D9*COS(F9) -> 0.0016164695 | I9: =B9+D9*SIN(F9) -> 0.0004754295 | J9: =C9-D9*COS(F9) -> -0.0015530791 | K9: =2*D9*COS(F9) -> 0.0031695486 | Y9: =IF($Z$1, C9, -0.2) -> -0.2 | AB9: 1.0258262 | AC9: =$AA$2*(COS(ATAN($AA$1))+COS(AB9)) -> 0.0060033709 | AD9: =IF($Z$2, $AA$2*(SIN(ATAN($AA$1))+SIN(AB9)), -0.2) -> -0.2
B10: 0.00040129582 | C10: =IF($A$1=0, 0, IF(B10<=$A$2, ($A$1/$A$2^2)*(2*$A$2*B10-B10^2), ($A$1/(1-$A$2)^2)*((1-2*$A$2)+2*$A$2*B10-B10^2))) -> 4.0109452e-05 | D10: =IF(B10<$N$1, ($A$3/0.2)*($O$1*SQRT(B10)+$P$1*B10+$Q$1*(B10^2)+$R$1*(B10^3)), ($A$3/0.2)*($S$1+$T$1*(1-B10)+$U$1*((1-B10)^2)+$V$1*((1-B10)^3))) -> 0.0017926635 | E10: =IF($A$1=0, 0, IF(B10<=$A$2, ($A$1/$A$2^2) *(2*$A$2-2*B10), ($A$1/(1-$A$2)^2)*(2*$A$2-2*B10))) -> 0.099899676 | F10: =IF($A$1=0, 0, ATAN(E10)) -> 0.099569321 | G10: =B10-D10*SIN(F10) -> 0.00022309632 | H10: =C10+D10*COS(F10) -> 0.001823894 | I10: =B10+D10*SIN(F10) -> 0.00057949532 | J10: =C10-D10*COS(F10) -> -0.0017436751 | K10: =2*D10*COS(F10) -> 0.0035675692 | Y10: =IF($Z$1, C10, -0.2) -> -0.2 | AB10: 1.1540544 | AC10: =$AA$2*(COS(ATAN($AA$1))+COS(AB10)) -> 0.0055527135 | AD10: =IF($Z$2, $AA$2*(SIN(ATAN($AA$1))+SIN(AB10)), -0.2) -> -0.2
B11: 0.00049541917 | C11: =IF($A$1=0, 0, IF(B11<=$A$2, ($A$1/$A$2^2)*(2*$A$2*B11-B11^2), ($A$1/(1-$A$2)^2)*((1-2*$A$2)+2*$A$2*B11-B11^2))) -> 4.9511237e-05 | D11: =IF(B11<$N$1, ($A$3/0.2)*($O$1*SQRT(B11)+$P$1*B11+$Q$1*(B11^2)+$R$1*(B11^3)), ($A$3/0.2)*($S$1+$T$1*(1-B11)+$U$1*((1-B11)^2)+$V$1*((1-B11)^3))) -> 0.0019928607 | E11: =IF($A$1=0, 0, IF(B11<=$A$2, ($A$1/$A$2^2) *(2*$A$2-2*B11), ($A$1/(1-$A$2)^2)*(2*$A$2-2*B11))) -> 0.099876145 | F11: =IF($A$1=0, 0, ATAN(E11)) -> 0.099546022 | G11: =B11-D11*SIN(F11) -> 0.00029736529 | H11: =C11+D11*COS(F11) -> 0.002032506 | I11: =B11+D11*SIN(F11) -> 0.00069347304 | J11: =C11-D11*COS(F11) -> -0.0019334835 | K11: =2*D11*COS(F11) -> 0.0039659896 | Y11: =IF($Z$1, C11, -0.2) -> -0.2 | AB11: 1.2822827 | AC11: =$AA$2*(COS(ATAN($AA$1))+COS(AB11)) -> 0.0050756911 | AD11: =IF($Z$2, $AA$2*(SIN(ATAN($AA$1))+SIN(AB11)), -0.2) -> -0.2
B12: 0.0005994468 | C12: =IF($A$1=0, 0, IF(B12<=$A$2, ($A$1/$A$2^2)*(2*$A$2*B12-B12^2), ($A$1/(1-$A$2)^2)*((1-2*$A$2)+2*$A$2*B12-B12^2))) -> 5.9899763e-05 | D12: =IF(B12<$N$1, ($A$3/0.2)*($O$1*SQRT(B12)+$P$1*B12+$Q$1*(B12^2)+$R$1*(B12^3)), ($A$3/0.2)*($S$1+$T$1*(1-B12)+$U$1*((1-B12)^2)+$V$1*((1-B12)^3))) -> 0.0021932561 | E12: =IF($A$1=0, 0, IF(B12<=$A$2, ($A$1/$A$2^2) *(2*$A$2-2*B12), ($A$1/(1-$A$2)^2)*(2*$A$2-2*B12))) -> 0.099850138 | F12: =IF($A$1=0, 0, ATAN(E12)) -> 0.099520272 | G12: =B12-D12*SIN(F12) -> 0.00038153348 | H12: =C12+D12*COS(F12) -> 0.0022423036 | I12: =B12+D12*SIN(F12) -> 0.00081736012 | J12: =C12-D12*COS(F12) -> -0.002122504 | K12: =2*D12*COS(F12) -> 0.0043648076 | Y12: =IF($Z$1, C12, -0.2) -> -0.2 | AB12: 1.410511 | AC12: =$AA$2*(COS(ATAN($AA$1))+COS(AB12)) -> 0.0045801364 | AD12: =IF($Z$2, $AA$2*(SIN(ATAN($AA$1))+SIN(AB12)), -0.2) -> -0.2
B13: 0.00071337768 | C13: =IF($A$1=0, 0, IF(B13<=$A$2, ($A$1/$A$2^2)*(2*$A$2*B13-B13^2), ($A$1/(1-$A$2)^2)*((1-2*$A$2)+2*$A$2*B13-B13^2))) -> 7.1274154e-05 | D13: =IF(B13<$N$1, ($A$3/0.2)*($O$1*SQRT(B13)+$P$1*B13+$Q$1*(B13^2)+$R$1*(B13^3)), ($A$3/0.2)*($S$1+$T$1*(1-B13)+$U$1*((1-B13)^2)+$V$1*((1-B13)^3))) -> 0.0023938486 | E13: =IF($A$1=0, 0, IF(B13<=$A$2, ($A$1/$A$2^2) *(2*$A$2-2*B13), ($A$1/(1-$A$2)^2)*(2*$A$2-2*B13))) -> 0.099821656 | F13: =IF($A$1=0, 0, ATAN(E13)) -> 0.099492071 | G13: =B13-D13*SIN(F13) -> 0.00047560146 | H13: =C13+D13*COS(F13) -> 0.0024532845 | I13: =B13+D13*SIN(F13) -> 0.0009511539 | J13: =C13-D13*COS(F13) -> -0.0023107362 | K13: =2*D13*COS(F13) -> 0.0047640207 | Y13: =IF($Z$1, C13, -0.2) -> -0.2 | AB13: 1.5387393 | AC13: =$AA$2*(COS(ATAN($AA$1))+COS(AB13)) -> 0.0040741863 | AD13: =IF($Z$2, $AA$2*(SIN(ATAN($AA$1))+SIN(AB13)), -0.2) -> -0.2
B14: 0.00083721069 | C14: =IF($A$1=0, 0, IF(B14<=$A$2, ($A$1/$A$2^2)*(2*$A$2*B14-B14^2), ($A$1/(1-$A$2)^2)*((1-2*$A$2)+2*$A$2*B14-B14^2))) -> 8.3633453e-05 | D14: =IF(B14<$N$1, ($A$3/0.2)*($O$1*SQRT(B14)+$P$1*B14+$Q$1*(B14^2)+$R$1*(B14^3)), ($A$3/0.2)*($S$1+$T$1*(1-B14)+$U$1*((1-B14)^2)+$V$1*((1-B14)^3))) -> 0.0025946364 | E14: =IF($A$1=0, 0, IF(B14<=$A$2, ($A$1/$A$2^2) *(2*$A$2-2*B14), ($A$1/(1-$A$2)^2)*(2*$A$2-2*B14))) -> 0.099790697 | F14: =IF($A$1=0, 0, ATAN(E14)) -> 0.099461418 | G14: =B14-D14*SIN(F14) -> 0.00057956975 | H14: =C14+D14*COS(F14) -> 0.0026654467 | I14: =B14+D14*SIN(F14) -> 0.0010948516 | J14: =C14-D14*COS(F14) -> -0.0024981798 | K14: =2*D14*COS(F14) -> 0.0051636264 | Y14: =IF($Z$1, C14, -0.2) -> -0.2 | AB14: 1.6669675 | AC14: =$AA$2*(COS(ATAN($AA$1))+COS(AB14)) -> 0.0035661487 | AD14: =IF($Z$2, $AA$2*(SIN(ATAN($AA$1))+SIN(AB14)), -0.2) -> -0.2
B15: 0.00097094459 | C15: =IF($A$1=0, 0, IF(B15<=$A$2, ($A$1/$A$2^2)*(2*$A$2*B15-B15^2), ($A$1/(1-$A$2)^2)*((1-2*$A$2)+2*$A$2*B15-B15^2))) -> 9.6976617e-05 | D15: =IF(B15<$N$1, ($A$3/0.2)*($O$1*SQRT(B15)+$P$1*B15+$Q$1*(B15^2)+$R$1*(B15^3)), ($A$3/0.2)*($S$1+$T$1*(1-B15)+$U$1*((1-B15)^2)+$V$1*((1-B15)^3))) -> 0.0027956182 | E15: =IF($A$1=0, 0, IF(B15<=$A$2, ($A$1/$A$2^2) *(2*$A$2-2*B15), ($A$1/(1-$A$2)^2)*(2*$A$2-2*B15))) -> 0.099757264 | F15: =IF($A$1=0, 0, ATAN(E15)) -> 0.099428314 | G15: =B15-D15*SIN(F15) -> 0.00069343875 | H15: =C15+D15*COS(F15) -> 0.0028787875 | I15: =B15+D15*SIN(F15) -> 0.0012484504 | J15: =C15-D15*COS(F15) -> -0.0026848343 | K15: =2*D15*COS(F15) -> 0.0055636218 | Y15: =IF($Z$1, C15, -0.2) -> -0.2 | AB15: 1.7951958 | AC15: =$AA$2*(COS(ATAN($AA$1))+COS(AB15)) -> 0.0030643653 | AD15: =IF($Z$2, $AA$2*(SIN(ATAN($AA$1))+SIN(AB15)), -0.2) -> -0.2
B16: 0.0011145781 | C16: =IF($A$1=0, 0, IF(B16<=$A$2, ($A$1/$A$2^2)*(2*$A$2*B16-B16^2), ($A$1/(1-$A$2)^2)*((1-2*$A$2)+2*$A$2*B16-B16^2))) -> 0.00011130252 | D16: =IF(B16<$N$1, ($A$3/0.2)*($O$1*SQRT(B16)+$P$1*B16+$Q$1*(B16^2)+$R$1*(B16^3)), ($A$3/0.2)*($S$1+$T$1*(1-B16)+$U$1*((1-B16)^2)+$V$1*((1-B16)^3))) -> 0.0029967923 | E16: =IF($A$1=0, 0, IF(B16<=$A$2, ($A$1/$A$2^2) *(2*$A$2-2*B16), ($A$1/(1-$A$2)^2)*(2*$A$2-2*B16))) -> 0.099721355 | F16: =IF($A$1=0, 0, ATAN(E16)) -> 0.099392759 | G16: =B16-D16*SIN(F16) -> 0.00081720879 | H16: =C16+D16*COS(F16) -> 0.0030933045 | I16: =B16+D16*SIN(F16) -> 0.0014119473 | J16: =C16-D16*COS(F16) -> -0.0028706994 | K16: =2*D16*COS(F16) -> 0.0059640039 | Y16: =IF($Z$1, C16, -0.2) -> -0.2 | AB16: 1.9234241 | AC16: =$AA$2*(COS(ATAN($AA$1))+COS(AB16)) -> 0.0025770755 | AD16: =IF($Z$2, $AA$2*(SIN(ATAN($AA$1))+SIN(AB16)), -0.2) -> -0.2
B17: 0.0012681097 | C17: =IF($A$1=0, 0, IF(B17<=$A$2, ($A$1/$A$2^2)*(2*$A$2*B17-B17^2), ($A$1/(1-$A$2)^2)*((1-2*$A$2)+2*$A$2*B17-B17^2))) -> 0.00012660996 | D17: =IF(B17<$N$1, ($A$3/0.2)*($O$1*SQRT(B17)+$P$1*B17+$Q$1*(B17^2)+$R$1*(B17^3)), ($A$3/0.2)*($S$1+$T$1*(1-B17)+$U$1*((1-B17)^2)+$V$1*((1-B17)^3))) -> 0.003198157 | E17: =IF($A$1=0, 0, IF(B17<=$A$2, ($A$1/$A$2^2) *(2*$A$2-2*B17), ($A$1/(1-$A$2)^2)*(2*$A$2-2*B17))) -> 0.099682973 | F17: =IF($A$1=0, 0, ATAN(E17)) -> 0.099354754 | G17: =B17-D17*SIN(F17) -> 0.00095088011 | H17: =C17+D17*COS(F17) -> 0.0033089948 | I17: =B17+D17*SIN(F17) -> 0.0015853393 | J17: =C17-D17*COS(F17) -> -0.0030557749 | K17: =2*D17*COS(F17) -> 0.0063647697 | Y17: =IF($Z$1, C17, -0.2) -> -0.2 | AB17: 2.0516523 | AC17: =$AA$2*(COS(ATAN($AA$1))+COS(AB17)) -> 0.0021122807 | AD17: =IF($Z$2, $AA$2*(SIN(ATAN($AA$1))+SIN(AB17)), -0.2) -> -0.2
B18: 0.0014315379 | C18: =IF($A$1=0, 0, IF(B18<=$A$2, ($A$1/$A$2^2)*(2*$A$2*B18-B18^2), ($A$1/(1-$A$2)^2)*((1-2*$A$2)+2*$A$2*B18-B18^2))) -> 0.00014289763 | D18: =IF(B18<$N$1, ($A$3/0.2)*($O$1*SQRT(B18)+$P$1*B18+$Q$1*(B18^2)+$R$1*(B18^3)), ($A$3/0.2)*($S$1+$T$1*(1-B18)+$U$1*((1-B18)^2)+$V$1*((1-B18)^3))) -> 0.0033997103 | E18: =IF($A$1=0, 0, IF(B18<=$A$2, ($A$1/$A$2^2) *(2*$A$2-2*B18), ($A$1/(1-$A$2)^2)*(2*$A$2-2*B18))) -> 0.099642116 | F18: =IF($A$1=0, 0, ATAN(E18)) -> 0.099314299 | G18: =B18-D18*SIN(F18) -> 0.0010944529 | H18: =C18+D18*COS(F18) -> 0.0035258555 | I18: =B18+D18*SIN(F18) -> 0.001768623 | J18: =C18-D18*COS(F18) -> -0.0032400602 | K18: =2*D18*COS(F18) -> 0.0067659158 | Y18: =IF($Z$1, C18, -0.2) -> -0.2 | AB18: 2.1798806 | AC18: =$AA$2*(COS(ATAN($AA$1))+COS(AB18)) -> 0.0016776126 | AD18: =IF($Z$2, $AA$2*(SIN(ATAN($AA$1))+SIN(AB18)), -0.2) -> -0.2
... B50: 0.011872429 | C50: =IF($A$1=0, 0, IF(B50<=$A$2, ($A$1/$A$2^2)*(2*$A$2*B50-B50^2), ($A$1/(1-$A$2)^2)*((1-2*$A$2)+2*$A$2*B50-B50^2))) -> 0.0011696236 | D50: =IF(B50<$N$1, ($A$3/0.2)*($O$1*SQRT(B50)+$P$1*B50+$Q$1*(B50^2)+$R$1*(B50^3)), ($A$3/0.2)*($S$1+$T$1*(1-B50)+$U$1*((1-B50)^2)+$V$1*((1-B50)^3))) -> 0.0099339149 | E50: =IF($A$1=0, 0, IF(B50<=$A$2, ($A$1/$A$2^2) *(2*$A$2-2*B50), ($A$1/(1-$A$2)^2)*(2*$A$2-2*B50))) -> 0.097031893 | F50: =IF($A$1=0, 0, ATAN(E50)) -> 0.096729077 | G50: =B50-D50*SIN(F50) -> 0.010913029 | H50: =C50+D50*COS(F50) -> 0.011057101 | I50: =B50+D50*SIN(F50) -> 0.01283183 | J50: =C50-D50*COS(F50) -> -0.0087178541 | K50: =2*D50*COS(F50) -> 0.019774956 | Y50: =IF($Z$1, C50, -0.2) -> -0.2 | AB50: 6.2831853 | AC50: =$AA$2*(COS(ATAN($AA$1))+COS(AB50)) -> 0.0079137788 | AD50: =IF($Z$2, $AA$2*(SIN(ATAN($AA$1))+SIN(AB50)), -0.2) -> -0.2
B51: 0.012360952 | C51: =IF($A$1=0, 0, IF(B51<=$A$2, ($A$1/$A$2^2)*(2*$A$2*B51-B51^2), ($A$1/(1-$A$2)^2)*((1-2*$A$2)+2*$A$2*B51-B51^2))) -> 0.0012169961 | D51: =IF(B51<$N$1, ($A$3/0.2)*($O$1*SQRT(B51)+$P$1*B51+$Q$1*(B51^2)+$R$1*(B51^3)), ($A$3/0.2)*($S$1+$T$1*(1-B51)+$U$1*((1-B51)^2)+$V$1*((1-B51)^3))) -> 0.010140142 | E51: =IF($A$1=0, 0, IF(B51<=$A$2, ($A$1/$A$2^2) *(2*$A$2-2*B51), ($A$1/(1-$A$2)^2)*(2*$A$2-2*B51))) -> 0.096909762 | F51: =IF($A$1=0, 0, ATAN(E51)) -> 0.096608084 | G51: =B51-D51*SIN(F51) -> 0.011382856 | H51: =C51+D51*COS(F51) -> 0.011309855 | I51: =B51+D51*SIN(F51) -> 0.013339049 | J51: =C51-D51*COS(F51) -> -0.0088758632 | K51: =2*D51*COS(F51) -> 0.020185719 | Y51: =IF($Z$1, C51, -0.2) -> -0.2
B52: 0.012859262 | C52: =IF($A$1=0, 0, IF(B52<=$A$2, ($A$1/$A$2^2)*(2*$A$2*B52-B52^2), ($A$1/(1-$A$2)^2)*((1-2*$A$2)+2*$A$2*B52-B52^2))) -> 0.0012652561 | D52: =IF(B52<$N$1, ($A$3/0.2)*($O$1*SQRT(B52)+$P$1*B52+$Q$1*(B52^2)+$R$1*(B52^3)), ($A$3/0.2)*($S$1+$T$1*(1-B52)+$U$1*((1-B52)^2)+$V$1*((1-B52)^3))) -> 0.010346448 | E52: =IF($A$1=0, 0, IF(B52<=$A$2, ($A$1/$A$2^2) *(2*$A$2-2*B52), ($A$1/(1-$A$2)^2)*(2*$A$2-2*B52))) -> 0.096785185 | F52: =IF($A$1=0, 0, ATAN(E52)) -> 0.096484664 | G52: =B52-D52*SIN(F52) -> 0.011862536 | H52: =C52+D52*COS(F52) -> 0.011563582 | I52: =B52+D52*SIN(F52) -> 0.013855987 | J52: =C52-D52*COS(F52) -> -0.00903307 | K52: =2*D52*COS(F52) -> 0.020596652 | Y52: =IF($Z$1, C52, -0.2) -> -0.2
B53: 0.013367353 | C53: =IF($A$1=0, 0, IF(B53<=$A$2, ($A$1/$A$2^2)*(2*$A$2*B53-B53^2), ($A$1/(1-$A$2)^2)*((1-2*$A$2)+2*$A$2*B53-B53^2))) -> 0.0013143995 | D53: =IF(B53<$N$1, ($A$3/0.2)*($O$1*SQRT(B53)+$P$1*B53+$Q$1*(B53^2)+$R$1*(B53^3)), ($A$3/0.2)*($S$1+$T$1*(1-B53)+$U$1*((1-B53)^2)+$V$1*((1-B53)^3))) -> 0.010552827 | E53: =IF($A$1=0, 0, IF(B53<=$A$2, ($A$1/$A$2^2) *(2*$A$2-2*B53), ($A$1/(1-$A$2)^2)*(2*$A$2-2*B53))) -> 0.096658162 | F53: =IF($A$1=0, 0, ATAN(E53)) -> 0.096358819 | G53: =B53-D53*SIN(F53) -> 0.012352068 | H53: =C53+D53*COS(F53) -> 0.011818273 | I53: =B53+D53*SIN(F53) -> 0.014382638 | J53: =C53-D53*COS(F53) -> -0.0091894742 | K53: =2*D53*COS(F53) -> 0.021007747 | Y53: =IF($Z$1, C53, -0.2) -> -0.2
B54: 0.013885221 | C54: =IF($A$1=0, 0, IF(B54<=$A$2, ($A$1/$A$2^2)*(2*$A$2*B54-B54^2), ($A$1/(1-$A$2)^2)*((1-2*$A$2)+2*$A$2*B54-B54^2))) -> 0.0013644222 | D54: =IF(B54<$N$1, ($A$3/0.2)*($O$1*SQRT(B54)+$P$1*B54+$Q$1*(B54^2)+$R$1*(B54^3)), ($A$3/0.2)*($S$1+$T$1*(1-B54)+$U$1*((1-B54)^2)+$V$1*((1-B54)^3))) -> 0.010759276 | E54: =IF($A$1=0, 0, IF(B54<=$A$2, ($A$1/$A$2^2) *(2*$A$2-2*B54), ($A$1/(1-$A$2)^2)*(2*$A$2-2*B54))) -> 0.096528695 | F54: =IF($A$1=0, 0, ATAN(E54)) -> 0.096230549 | G54: =B54-D54*SIN(F54) -> 0.012851447 | H54: =C54+D54*COS(F54) -> 0.01207392 | I54: =B54+D54*SIN(F54) -> 0.014918995 | J54: =C54-D54*COS(F54) -> -0.0093450753 | K54: =2*D54*COS(F54) -> 0.021418995 | Y54: =IF($Z$1, C54, -0.2) -> -0.2
B55: 0.01441286 | C55: =IF($A$1=0, 0, IF(B55<=$A$2, ($A$1/$A$2^2)*(2*$A$2*B55-B55^2), ($A$1/(1-$A$2)^2)*((1-2*$A$2)+2*$A$2*B55-B55^2))) -> 0.0014153197 | D55: =IF(B55<$N$1, ($A$3/0.2)*($O$1*SQRT(B55)+$P$1*B55+$Q$1*(B55^2)+$R$1*(B55^3)), ($A$3/0.2)*($S$1+$T$1*(1-B55)+$U$1*((1-B55)^2)+$V$1*((1-B55)^3))) -> 0.010965789 | E55: =IF($A$1=0, 0, IF(B55<=$A$2, ($A$1/$A$2^2) *(2*$A$2-2*B55), ($A$1/(1-$A$2)^2)*(2*$A$2-2*B55))) -> 0.096396785 | F55: =IF($A$1=0, 0, ATAN(E55)) -> 0.096099855 | G55: =B55-D55*SIN(F55) -> 0.013360671 | H55: =C55+D55*COS(F55) -> 0.012330513 | I55: =B55+D55*SIN(F55) -> 0.01546505 | J55: =C55-D55*COS(F55) -> -0.0094998732 | K55: =2*D55*COS(F55) -> 0.021830386 | Y55: =IF($Z$1, C55, -0.2) -> -0.2
B56: 0.014950266 | C56: =IF($A$1=0, 0, IF(B56<=$A$2, ($A$1/$A$2^2)*(2*$A$2*B56-B56^2), ($A$1/(1-$A$2)^2)*((1-2*$A$2)+2*$A$2*B56-B56^2))) -> 0.0014670878 | D56: =IF(B56<$N$1, ($A$3/0.2)*($O$1*SQRT(B56)+$P$1*B56+$Q$1*(B56^2)+$R$1*(B56^3)), ($A$3/0.2)*($S$1+$T$1*(1-B56)+$U$1*((1-B56)^2)+$V$1*((1-B56)^3))) -> 0.011172362 | E56: =IF($A$1=0, 0, IF(B56<=$A$2, ($A$1/$A$2^2) *(2*$A$2-2*B56), ($A$1/(1-$A$2)^2)*(2*$A$2-2*B56))) -> 0.096262433 | F56: =IF($A$1=0, 0, ATAN(E56)) -> 0.095966738 | G56: =B56-D56*SIN(F56) -> 0.013879736 | H56: =C56+D56*COS(F56) -> 0.012588043 | I56: =B56+D56*SIN(F56) -> 0.016020797 | J56: =C56-D56*COS(F56) -> -0.0096538674 | K56: =2*D56*COS(F56) -> 0.02224191 | Y56: =IF($Z$1, C56, -0.2) -> -0.2
B57: 0.015497433 | C57: =IF($A$1=0, 0, IF(B57<=$A$2, ($A$1/$A$2^2)*(2*$A$2*B57-B57^2), ($A$1/(1-$A$2)^2)*((1-2*$A$2)+2*$A$2*B57-B57^2))) -> 0.001519722 | D57: =IF(B57<$N$1, ($A$3/0.2)*($O$1*SQRT(B57)+$P$1*B57+$Q$1*(B57^2)+$R$1*(B57^3)), ($A$3/0.2)*($S$1+$T$1*(1-B57)+$U$1*((1-B57)^2)+$V$1*((1-B57)^3))) -> 0.01137899 | E57: =IF($A$1=0, 0, IF(B57<=$A$2, ($A$1/$A$2^2) *(2*$A$2-2*B57), ($A$1/(1-$A$2)^2)*(2*$A$2-2*B57))) -> 0.096125642 | F57: =IF($A$1=0, 0, ATAN(E57)) -> 0.095831201 | G57: =B57-D57*SIN(F57) -> 0.014408639 | H57: =C57+D57*COS(F57) -> 0.012846502 | I57: =B57+D57*SIN(F57) -> 0.016586227 | J57: =C57-D57*COS(F57) -> -0.0098070576 | K57: =2*D57*COS(F57) -> 0.022653559 | Y57: =IF($Z$1, C57, -0.2) -> -0.2
B58: 0.016054356 | C58: =IF($A$1=0, 0, IF(B58<=$A$2, ($A$1/$A$2^2)*(2*$A$2*B58-B58^2), ($A$1/(1-$A$2)^2)*((1-2*$A$2)+2*$A$2*B58-B58^2))) -> 0.0015732178 | D58: =IF(B58<$N$1, ($A$3/0.2)*($O$1*SQRT(B58)+$P$1*B58+$Q$1*(B58^2)+$R$1*(B58^3)), ($A$3/0.2)*($S$1+$T$1*(1-B58)+$U$1*((1-B58)^2)+$V$1*((1-B58)^3))) -> 0.011585667 | E58: =IF($A$1=0, 0, IF(B58<=$A$2, ($A$1/$A$2^2) *(2*$A$2-2*B58), ($A$1/(1-$A$2)^2)*(2*$A$2-2*B58))) -> 0.095986411 | F58: =IF($A$1=0, 0, ATAN(E58)) -> 0.095693243 | G58: =B58-D58*SIN(F58) -> 0.014947377 | H58: =C58+D58*COS(F58) -> 0.013105879 | I58: =B58+D58*SIN(F58) -> 0.017161335 | J58: =C58-D58*COS(F58) -> -0.0099594436 | K58: =2*D58*COS(F58) -> 0.023065323 | Y58: =IF($Z$1, C58, -0.2) -> -0.2
B59: 0.016621029 | C59: =IF($A$1=0, 0, IF(B59<=$A$2, ($A$1/$A$2^2)*(2*$A$2*B59-B59^2), ($A$1/(1-$A$2)^2)*((1-2*$A$2)+2*$A$2*B59-B59^2))) -> 0.0016275706 | D59: =IF(B59<$N$1, ($A$3/0.2)*($O$1*SQRT(B59)+$P$1*B59+$Q$1*(B59^2)+$R$1*(B59^3)), ($A$3/0.2)*($S$1+$T$1*(1-B59)+$U$1*((1-B59)^2)+$V$1*((1-B59)^3))) -> 0.011792389 | E59: =IF($A$1=0, 0, IF(B59<=$A$2, ($A$1/$A$2^2) *(2*$A$2-2*B59), ($A$1/(1-$A$2)^2)*(2*$A$2-2*B59))) -> 0.095844743 | F59: =IF($A$1=0, 0, ATAN(E59)) -> 0.095552866 | G59: =B59-D59*SIN(F59) -> 0.015495946 | H59: =C59+D59*COS(F59) -> 0.013366166 | I59: =B59+D59*SIN(F59) -> 0.017746111 | J59: =C59-D59*COS(F59) -> -0.010111025 | K59: =2*D59*COS(F59) -> 0.023477191 | Y59: =IF($Z$1, C59, -0.2) -> -0.2
B60: 0.017197446 | C60: =IF($A$1=0, 0, IF(B60<=$A$2, ($A$1/$A$2^2)*(2*$A$2*B60-B60^2), ($A$1/(1-$A$2)^2)*((1-2*$A$2)+2*$A$2*B60-B60^2))) -> 0.0016827756 | D60: =IF(B60<$N$1, ($A$3/0.2)*($O$1*SQRT(B60)+$P$1*B60+$Q$1*(B60^2)+$R$1*(B60^3)), ($A$3/0.2)*($S$1+$T$1*(1-B60)+$U$1*((1-B60)^2)+$V$1*((1-B60)^3))) -> 0.01199915 | E60: =IF($A$1=0, 0, IF(B60<=$A$2, ($A$1/$A$2^2) *(2*$A$2-2*B60), ($A$1/(1-$A$2)^2)*(2*$A$2-2*B60))) -> 0.095700639 | F60: =IF($A$1=0, 0, ATAN(E60)) -> 0.095410072 | G60: =B60-D60*SIN(F60) -> 0.016054342 | H60: =C60+D60*COS(F60) -> 0.013627353 | I60: =B60+D60*SIN(F60) -> 0.01834055 | J60: =C60-D60*COS(F60) -> -0.010261801 | K60: =2*D60*COS(F60) -> 0.023889154 | Y60: =IF($Z$1, C60, -0.2) -> -0.2
B61: 0.017783602 | C61: =IF($A$1=0, 0, IF(B61<=$A$2, ($A$1/$A$2^2)*(2*$A$2*B61-B61^2), ($A$1/(1-$A$2)^2)*((1-2*$A$2)+2*$A$2*B61-B61^2))) -> 0.0017388281 | D61: =IF(B61<$N$1, ($A$3/0.2)*($O$1*SQRT(B61)+$P$1*B61+$Q$1*(B61^2)+$R$1*(B61^3)), ($A$3/0.2)*($S$1+$T$1*(1-B61)+$U$1*((1-B61)^2)+$V$1*((1-B61)^3))) -> 0.012205946 | E61: =IF($A$1=0, 0, IF(B61<=$A$2, ($A$1/$A$2^2) *(2*$A$2-2*B61), ($A$1/(1-$A$2)^2)*(2*$A$2-2*B61))) -> 0.095554099 | F61: =IF($A$1=0, 0, ATAN(E61)) -> 0.095264861 | G61: =B61-D61*SIN(F61) -> 0.016622562 | H61: =C61+D61*COS(F61) -> 0.013889429 | I61: =B61+D61*SIN(F61) -> 0.018944642 | J61: =C61-D61*COS(F61) -> -0.010411773 | K61: =2*D61*COS(F61) -> 0.024301201 | Y61: =IF($Z$1, C61, -0.2) -> -0.2
B62: 0.018379491 | C62: =IF($A$1=0, 0, IF(B62<=$A$2, ($A$1/$A$2^2)*(2*$A$2*B62-B62^2), ($A$1/(1-$A$2)^2)*((1-2*$A$2)+2*$A$2*B62-B62^2))) -> 0.0017957234 | D62: =IF(B62<$N$1, ($A$3/0.2)*($O$1*SQRT(B62)+$P$1*B62+$Q$1*(B62^2)+$R$1*(B62^3)), ($A$3/0.2)*($S$1+$T$1*(1-B62)+$U$1*((1-B62)^2)+$V$1*((1-B62)^3))) -> 0.01241277 | E62: =IF($A$1=0, 0, IF(B62<=$A$2, ($A$1/$A$2^2) *(2*$A$2-2*B62), ($A$1/(1-$A$2)^2)*(2*$A$2-2*B62))) -> 0.095405127 | F62: =IF($A$1=0, 0, ATAN(E62)) -> 0.095117234 | G62: =B62-D62*SIN(F62) -> 0.017200602 | H62: =C62+D62*COS(F62) -> 0.014152385 | I62: =B62+D62*SIN(F62) -> 0.01955838 | J62: =C62-D62*COS(F62) -> -0.010560938 | K62: =2*D62*COS(F62) -> 0.024713323 | Y62: =IF($Z$1, C62, -0.2) -> -0.2
... B500: 1 | C500: =IF($A$1=0, 0, IF(B500<=$A$2, ($A$1/$A$2^2)*(2*$A$2*B500-B500^2), ($A$1/(1-$A$2)^2)*((1-2*$A$2)+2*$A$2*B500-B500^2))) -> 6.1679057e-18 | D500: =IF(B500<$N$1, ($A$3/0.2)*($O$1*SQRT(B500)+$P$1*B500+$Q$1*(B500^2)+$R$1*(B500^3)), ($A$3/0.2)*($S$1+$T$1*(1-B500)+$U$1*((1-B500)^2)+$V$1*((1-B500)^3))) -> 0.0009 | E500: =IF($A$1=0, 0, IF(B500<=$A$2, ($A$1/$A$2^2) *(2*$A$2-2*B500), ($A$1/(1-$A$2)^2)*(2*$A$2-2*B500))) -> -0.066666667 | F500: =IF($A$1=0, 0, ATAN(E500)) -> -0.066568164 | G500: =B500-D500*SIN(F500) -> 1.0000599 | H500: =C500+D500*COS(F500) -> 0.00089800664 | I500: =B500+D500*SIN(F500) -> 0.99994013 | J500: =C500-D500*COS(F500) -> -0.00089800664 | K500: =2*D500*COS(F500) -> 0.0017960133 | Y500: =IF($Z$1, C500, -0.2) -> -0.2

Sheet NACA_4mod
A1: BACK | E1: Name | F1: =Data3!A4*10^5+Data3!A5*10^4+Data3!A6*100+Data3!M1*10+Data3!N2 -> 240944
E2: Maximum Camber | F2: =IF(Data3!L1=1, "-", Data3!A1) -> 0.02 | H2: Leading-Edge Radius | I2: =0.5*POWER(0.2969*(Data3!A3/0.2)*(Data3!M1/6),2) -> 0.0039667324
E3: Position of Camber | F3: =IF(Data3!L1=1, "-", Data3!A2) -> 0.4 | H3: Trailing-Edge Angle | I3: =DEGREES(2*ATAN(Data3!$T$1*(F4/0.2))) -> 16.135854
E4: Maximum Thickness | F4: =Data3!A3 -> 0.09
E5: Leading-edge Radius Index | F5: =Data3!$M$1 -> 4
E6: Position of Maximum Thickness | F6: =Data3!N1 -> 0.4

Sheet Data4
B1: {=1-COS((_xlfn.SEQUENCE(500,1,0,1)*PI())/(2*(500-1)))} -> 0 | C1: =IF(B1<$N$1, ($A$7/0.2)*($O$1*SQRT(B1)+$P$1*B1+$Q$1*(B1^2)+$R$1*(B1^3)), ($A$7/0.2)*($S$1+$T$1*(1-B1)+$U$1*((1-B1)^2)+$V$1*((1-B1)^3))) -> 0 | D1: =IF(B1<$A$8, ($A$10/6)*((B1^3)-3*$A$8*(B1^2)+($A$8^2)*(3-$A$8)*B1), (($A$10*($A$8^3))/6)*(1-B1)) -> 0 | E1: =IF(B1<$A$8, ($A$10/6)*(3*(B1^2)-6*$A$8*B1+($A$8^2)*(3-$A$8)), -($A$10*($A$8^3))/6) -> 0.21459075 | F1: =ATAN(E1) -> 0.21138496 | G1: =B1-C1*SIN(F1) -> 0 | H1: =D1+C1*COS(F1) -> 0 | I1: =B1+C1*SIN(F1) -> 0 | J1: =D1-C1*COS(F1) -> 0 | K1: 0.2 | M1: 7 | N1: =N2/10 -> 0.2 | O1: =IF($M$1=9, 0.2969*SQRT(3),0.2969*(M1/6)) -> 0.34638333 | P1: =(0.3/N1)-1.875*(O1/SQRT(N1))-0.1*(N1/W1) -> 0.0058687257 | Q1: =-(0.3/(N1^2))+1.25*(O1/POWER(N1, 3/2))+(0.2/W1) -> -2.2403958 | R1: =(0.1/N1^3)-0.375*(O1/POWER(N1, 5/2))-(0.1/(W1*N1)) -> 4.1918436 | S1: 0.002 | T1: =IF(N1=0.2, 0.2, IF(N1=0.3, 0.234, IF(N1=0.4, 0.315, IF(N1=0.5, 0.465, 0.7)))) -> 0.2 | U1: =(0.294-2*(1-N1)*T1)/((1-N1)^2) -> -0.040625 | V1: =(-0.196+(1-N1)*T1)/((1-N1)^3) -> -0.0703125 | W1: =0.2*((1-N1)^2/(0.588-2*T1*(1-N1))) -> 0.47761194 | Y1: =IF($Z$1, D1, -0.2) -> -0.2 | Z1: FALSE | AA1: =$F$1 -> 0.21138496 | AB1: {=_xlfn.SEQUENCE(50, 1, 0, (2*PI())/(50-1))} -> 0 | AC1: =$AA$2*(COS(ATAN($AA$1))+COS(AB1)) -> 0.024033595 | AD1: =IF($Z$2, $AA$2*(SIN(ATAN($AA$1))+SIN(AB1)), -0.2) -> -0.2
A2: 2 | B2: 4.9545967e-06 | C2: =IF(B2<$N$1, ($A$7/0.2)*($O$1*SQRT(B2)+$P$1*B2+$Q$1*(B2^2)+$R$1*(B2^3)), ($A$7/0.2)*($S$1+$T$1*(1-B2)+$U$1*((1-B2)^2)+$V$1*((1-B2)^3))) -> 0.00034696846 | D2: =IF(B2<$A$8, ($A$10/6)*((B2^3)-3*$A$8*(B2^2)+($A$8^2)*(3-$A$8)*B2), (($A$10*($A$8^3))/6)*(1-B2)) -> 1.0631951e-06 | E2: =IF(B2<$A$8, ($A$10/6)*(3*(B2^2)-6*$A$8*B2+($A$8^2)*(3-$A$8)), -($A$10*($A$8^3))/6) -> 0.2145845 | F2: =ATAN(E2) -> 0.21137899 | G2: =B2-C2*SIN(F2) -> -6.7842299e-05 | H2: =D2+C2*COS(F2) -> 0.00034030902 | I2: =B2+C2*SIN(F2) -> 7.7751492e-05 | J2: =D2-C2*COS(F2) -> -0.00033818262 | K2: =K1-(K1-K1*SQRT(K1/3)-$A$5)/(1-SQRT(3*K1)/2) -> 0.36588788 | N2: 2 | Y2: =IF($Z$1, D2, -0.2) -> -0.2 | Z2: FALSE | AA2: =0.5*(0.2969*($A$7/0.2)*($M$1/6))^2 -> 0.012148118 | AB2: 0.12822827 | AC2: =$AA$2*(COS(ATAN($AA$1))+COS(AB2)) -> 0.023933859 | AD2: =IF($Z$2, $AA$2*(SIN(ATAN($AA$1))+SIN(AB2)), -0.2) -> -0.2
A3: 5 | B3: 1.9818338e-05 | C3: =IF(B3<$N$1, ($A$7/0.2)*($O$1*SQRT(B3)+$P$1*B3+$Q$1*(B3^2)+$R$1*(B3^3)), ($A$7/0.2)*($S$1+$T$1*(1-B3)+$U$1*((1-B3)^2)+$V$1*((1-B3)^3))) -> 0.00069396189 | D3: =IF(B3<$A$8, ($A$10/6)*((B3^3)-3*$A$8*(B3^2)+($A$8^2)*(3-$A$8)*B3), (($A$10*($A$8^3))/6)*(1-B3)) -> 4.2525843e-06 | E3: =IF(B3<$A$8, ($A$10/6)*(3*(B3^2)-6*$A$8*B3+($A$8^2)*(3-$A$8)), -($A$10*($A$8^3))/6) -> 0.21456576 | F3: =ATAN(E3) -> 0.21136107 | G3: =B3-C3*SIN(F3) -> -0.00012576853 | H3: =D3+C3*COS(F3) -> 0.00068277124 | I3: =B3+C3*SIN(F3) -> 0.00016540521 | J3: =D3-C3*COS(F3) -> -0.00067426607 | K3: =K2-(K2-K2*SQRT(K2/3)-$A$5)/(1-SQRT(3*K2)/2) -> 0.3908624 | Y3: =IF($Z$1, D3, -0.2) -> -0.2 | AB3: 0.25645654 | AC3: =$AA$2*(COS(ATAN($AA$1))+COS(AB3)) -> 0.023636289 | AD3: =IF($Z$2, $AA$2*(SIN(ATAN($AA$1))+SIN(AB3)), -0.2) -> -0.2
A4: 9 | B4: 4.4591076e-05 | C4: =IF(B4<$N$1, ($A$7/0.2)*($O$1*SQRT(B4)+$P$1*B4+$Q$1*(B4^2)+$R$1*(B4^3)), ($A$7/0.2)*($S$1+$T$1*(1-B4)+$U$1*((1-B4)^2)+$V$1*((1-B4)^3))) -> 0.0010409785 | D4: =IF(B4<$A$8, ($A$10/6)*((B4^3)-3*$A$8*(B4^2)+($A$8^2)*(3-$A$8)*B4), (($A$10*($A$8^3))/6)*(1-B4)) -> 9.5675786e-06 | E4: =IF(B4<$A$8, ($A$10/6)*(3*(B4^2)-6*$A$8*B4+($A$8^2)*(3-$A$8)), -($A$10*($A$8^3))/6) -> 0.21453452 | F4: =ATAN(E4) -> 0.2113312 | G4: =B4-C4*SIN(F4) -> -0.00017376632 | H4: =D4+C4*COS(F4) -> 0.001027387 | I4: =B4+C4*SIN(F4) -> 0.00026294847 | J4: =D4-C4*COS(F4) -> -0.0010082518 | K4: =K3-(K3-K3*SQRT(K3/3)-$A$5)/(1-SQRT(3*K3)/2) -> 0.39134384 | Y4: =IF($Z$1, D4, -0.2) -> -0.2 | AB4: 0.38468481 | AC4: =$AA$2*(COS(ATAN($AA$1))+COS(AB4)) -> 0.023145771 | AD4: =IF($Z$2, $AA$2*(SIN(ATAN($AA$1))+SIN(AB4)), -0.2) -> -0.2
A5: =0.05*$A$3 -> 0.25 | B5: 7.9272565e-05 | C5: =IF(B5<$N$1, ($A$7/0.2)*($O$1*SQRT(B5)+$P$1*B5+$Q$1*(B5^2)+$R$1*(B5^3)), ($A$7/0.2)*($S$1+$T$1*(1-B5)+$U$1*((1-B5)^2)+$V$1*((1-B5)^3))) -> 0.001388016 | D5: =IF(B5<$A$8, ($A$10/6)*((B5^3)-3*$A$8*(B5^2)+($A$8^2)*(3-$A$8)*B5), (($A$10*($A$8^3))/6)*(1-B5)) -> 1.7007197e-05 | E5: =IF(B5<$A$8, ($A$10/6)*(3*(B5^2)-6*$A$8*B5+($A$8^2)*(3-$A$8)), -($A$10*($A$8^3))/6) -> 0.21449078 | F5: =ATAN(E5) -> 0.21128939 | G5: =B5-C5*SIN(F5) -> -0.00021182325 | H5: =D5+C5*COS(F5) -> 0.0013741556 | I5: =B5+C5*SIN(F5) -> 0.00037036838 | J5: =D5-C5*COS(F5) -> -0.0013401412 | K5: =K4-(K4-K4*SQRT(K4/3)-$A$5)/(1-SQRT(3*K4)/2) -> 0.39134401 | Y5: =IF($Z$1, D5, -0.2) -> -0.2 | AB5: 0.51291309 | AC5: =$AA$2*(COS(ATAN($AA$1))+COS(AB5)) -> 0.02247036 | AD5: =IF($Z$2, $AA$2*(SIN(ATAN($AA$1))+SIN(AB5)), -0.2) -> -0.2
A6: =A2/100 -> 0.02 | B6: 0.00012386246 | C6: =IF(B6<$N$1, ($A$7/0.2)*($O$1*SQRT(B6)+$P$1*B6+$Q$1*(B6^2)+$R$1*(B6^3)), ($A$7/0.2)*($S$1+$T$1*(1-B6)+$U$1*((1-B6)^2)+$V$1*((1-B6)^3))) -> 0.0017350715 | D6: =IF(B6<$A$8, ($A$10/6)*((B6^3)-3*$A$8*(B6^2)+($A$8^2)*(3-$A$8)*B6), (($A$10*($A$8^3))/6)*(1-B6)) -> 2.6570065e-05 | E6: =IF(B6<$A$8, ($A$10/6)*(3*(B6^2)-6*$A$8*B6+($A$8^2)*(3-$A$8)), -($A$10*($A$8^3))/6) -> 0.21443456 | F6: =ATAN(E6) -> 0.21123564 | G6: =B6-C6*SIN(F6) -> -0.00023992691 | H6: =D6+C6*COS(F6) -> 0.0017230754 | I6: =B6+C6*SIN(F6) -> 0.00048765184 | J6: =D6-C6*COS(F6) -> -0.0016699353 | K6: =K5-(K5-K5*SQRT(K5/3)-$A$5)/(1-SQRT(3*K5)/2) -> 0.39134401 | Y6: =IF($Z$1, D6, -0.2) -> -0.2 | AB6: 0.64114136 | AC6: =$AA$2*(COS(ATAN($AA$1))+COS(AB6)) -> 0.021621144 | AD6: =IF($Z$2, $AA$2*(SIN(ATAN($AA$1))+SIN(AB6)), -0.2) -> -0.2
A7: =A4/100 -> 0.09 | B7: 0.00017836033 | C7: =IF(B7<$N$1, ($A$7/0.2)*($O$1*SQRT(B7)+$P$1*B7+$Q$1*(B7^2)+$R$1*(B7^3)), ($A$7/0.2)*($S$1+$T$1*(1-B7)+$U$1*((1-B7)^2)+$V$1*((1-B7)^3))) -> 0.0020821413 | D7: =IF(B7<$A$8, ($A$10/6)*((B7^3)-3*$A$8*(B7^2)+($A$8^2)*(3-$A$8)*B7), (($A$10*($A$8^3))/6)*(1-B7)) -> 3.8254418e-05 | E7: =IF(B7<$A$8, ($A$10/6)*(3*(B7^2)-6*$A$8*B7+($A$8^2)*(3-$A$8)), -($A$10*($A$8^3))/6) -> 0.21436585 | F7: =ATAN(E7) -> 0.21116995 | G7: =B7-C7*SIN(F7) -> -0.00025806484 | H7: =D7+C7*COS(F7) -> 0.0020741438 | I7: =B7+C7*SIN(F7) -> 0.00061478549 | J7: =D7-C7*COS(F7) -> -0.0019976349 | K7: =K6-(K6-K6*SQRT(K6/3)-$A$5)/(1-SQRT(3*K6)/2) -> 0.39134401 | Y7: =IF($Z$1, D7, -0.2) -> -0.2 | AB7: 0.76936963 | AC7: =$AA$2*(COS(ATAN($AA$1))+COS(AB7)) -> 0.02061207 | AD7: =IF($Z$2, $AA$2*(SIN(ATAN($AA$1))+SIN(AB7)), -0.2) -> -0.2
A8: =K20 -> 0.39134401 | B8: 0.00024276562 | C8: =IF(B8<$N$1, ($A$7/0.2)*($O$1*SQRT(B8)+$P$1*B8+$Q$1*(B8^2)+$R$1*(B8^3)), ($A$7/0.2)*($S$1+$T$1*(1-B8)+$U$1*((1-B8)^2)+$V$1*((1-B8)^3))) -> 0.0024292214 | D8: =IF(B8<$A$8, ($A$10/6)*((B8^3)-3*$A$8*(B8^2)+($A$8^2)*(3-$A$8)*B8), (($A$10*($A$8^3))/6)*(1-B8)) -> 5.2058099e-05 | E8: =IF(B8<$A$8, ($A$10/6)*(3*(B8^2)-6*$A$8*B8+($A$8^2)*(3-$A$8)), -($A$10*($A$8^3))/6) -> 0.21428467 | F8: =ATAN(E8) -> 0.21109233 | G8: =B8-C8*SIN(F8) -> -0.00026622456 | H8: =D8+C8*COS(F8) -> 0.0024273572 | I8: =B8+C8*SIN(F8) -> 0.00075175579 | J8: =D8-C8*COS(F8) -> -0.002323241 | K8: =K7-(K7-K7*SQRT(K7/3)-$A$5)/(1-SQRT(3*K7)/2) -> 0.39134401 | Y8: =IF($Z$1, D8, -0.2) -> -0.2 | AB8: 0.8975979 | AC8: =$AA$2*(COS(ATAN($AA$1))+COS(AB8)) -> 0.019459705 | AD8: =IF($Z$2, $AA$2*(SIN(ATAN($AA$1))+SIN(AB8)), -0.2) -> -0.2
A9: =(3*A8-7*A8^2+8*A8^3-4*A8^4)/SQRT(A8-A8^2)-1.5*(1-2*A8)*(PI()/2-ASIN(1-2*A8)) -> 0.55852735 | B9: 0.00031707769 | C9: =IF(B9<$N$1, ($A$7/0.2)*($O$1*SQRT(B9)+$P$1*B9+$Q$1*(B9^2)+$R$1*(B9^3)), ($A$7/0.2)*($S$1+$T$1*(1-B9)+$U$1*((1-B9)^2)+$V$1*((1-B9)^3))) -> 0.0027763071 | D9: =IF(B9<$A$8, ($A$10/6)*((B9^3)-3*$A$8*(B9^2)+($A$8^2)*(3-$A$8)*B9), (($A$10*($A$8^3))/6)*(1-B9)) -> 6.7978558e-05 | E9: =IF(B9<$A$8, ($A$10/6)*(3*(B9^2)-6*$A$8*B9+($A$8^2)*(3-$A$8)), -($A$10*($A$8^3))/6) -> 0.21419101 | F9: =ATAN(E9) -> 0.21100279 | G9: =B9-C9*SIN(F9) -> -0.0002643936 | H9: =D9+C9*COS(F9) -> 0.002782711 | I9: =B9+C9*SIN(F9) -> 0.00089854899 | J9: =D9-C9*COS(F9) -> -0.0026467539 | K9: =K8-(K8-K8*SQRT(K8/3)-$A$5)/(1-SQRT(3*K8)/2) -> 0.39134401 | Y9: =IF($Z$1, D9, -0.2) -> -0.2 | AB9: 1.0258262 | AC9: =$AA$2*(COS(ATAN($AA$1))+COS(AB9)) -> 0.018182971 | AD9: =IF($Z$2, $AA$2*(SIN(ATAN($AA$1))+SIN(AB9)), -0.2) -> -0.2
A10: =(6*0.15*A2)/A9 -> 3.2227607 | B10: 0.00040129582 | C10: =IF(B10<$N$1, ($A$7/0.2)*($O$1*SQRT(B10)+$P$1*B10+$Q$1*(B10^2)+$R$1*(B10^3)), ($A$7/0.2)*($S$1+$T$1*(1-B10)+$U$1*((1-B10)^2)+$V$1*((1-B10)^3))) -> 0.003123393 | D10: =IF(B10<$A$8, ($A$10/6)*((B10^3)-3*$A$8*(B10^2)+($A$8^2)*(3-$A$8)*B10), (($A$10*($A$8^3))/6)*(1-B10)) -> 8.6012855e-05 | E10: =IF(B10<$A$8, ($A$10/6)*(3*(B10^2)-6*$A$8*B10+($A$8^2)*(3-$A$8)), -($A$10*($A$8^3))/6) -> 0.21408489 | F10: =ATAN(E10) -> 0.21090132 | G10: =B10-C10*SIN(F10) -> -0.00025255945 | H10: =D10+C10*COS(F10) -> 0.0031401997 | I10: =B10+C10*SIN(F10) -> 0.0010551511 | J10: =D10-C10*COS(F10) -> -0.002968174 | K10: =K9-(K9-K9*SQRT(K9/3)-$A$5)/(1-SQRT(3*K9)/2) -> 0.39134401 | Y10: =IF($Z$1, D10, -0.2) -> -0.2 | AB10: 1.1540544 | AC10: =$AA$2*(COS(ATAN($AA$1))+COS(AB10)) -> 0.016802833 | AD10: =IF($Z$2, $AA$2*(SIN(ATAN($AA$1))+SIN(AB10)), -0.2) -> -0.2
B11: 0.00049541917 | C11: =IF(B11<$N$1, ($A$7/0.2)*($O$1*SQRT(B11)+$P$1*B11+$Q$1*(B11^2)+$R$1*(B11^3)), ($A$7/0.2)*($S$1+$T$1*(1-B11)+$U$1*((1-B11)^2)+$V$1*((1-B11)^3))) -> 0.0034704734 | D11: =IF(B11<$A$8, ($A$10/6)*((B11^3)-3*$A$8*(B11^2)+($A$8^2)*(3-$A$8)*B11), (($A$10*($A$8^3))/6)*(1-B11)) -> 0.00010615766 | E11: =IF(B11<$A$8, ($A$10/6)*(3*(B11^2)-6*$A$8*B11+($A$8^2)*(3-$A$8)), -($A$10*($A$8^3))/6) -> 0.21396632 | F11: =ATAN(E11) -> 0.21078794 | G11: =B11-C11*SIN(F11) -> -0.00023070959 | H11: =D11+C11*COS(F11) -> 0.0034998168 | I11: =B11+C11*SIN(F11) -> 0.0012215479 | J11: =D11-C11*COS(F11) -> -0.0032875015 | K11: =K10-(K10-K10*SQRT(K10/3)-$A$5)/(1-SQRT(3*K10)/2) -> 0.39134401 | Y11: =IF($Z$1, D11, -0.2) -> -0.2 | AB11: 1.2822827 | AC11: =$AA$2*(COS(ATAN($AA$1))+COS(AB11)) -> 0.015341952 | AD11: =IF($Z$2, $AA$2*(SIN(ATAN($AA$1))+SIN(AB11)), -0.2) -> -0.2
B12: 0.0005994468 | C12: =IF(B12<$N$1, ($A$7/0.2)*($O$1*SQRT(B12)+$P$1*B12+$Q$1*(B12^2)+$R$1*(B12^3)), ($A$7/0.2)*($S$1+$T$1*(1-B12)+$U$1*((1-B12)^2)+$V$1*((1-B12)^3))) -> 0.0038175416 | D12: =IF(B12<$A$8, ($A$10/6)*((B12^3)-3*$A$8*(B12^2)+($A$8^2)*(3-$A$8)*B12), (($A$10*($A$8^3))/6)*(1-B12)) -> 0.00012840926 | E12: =IF(B12<$A$8, ($A$10/6)*(3*(B12^2)-6*$A$8*B12+($A$8^2)*(3-$A$8)), -($A$10*($A$8^3))/6) -> 0.2138353 | F12: =ATAN(E12) -> 0.21066266 | G12: =B12-C12*SIN(F12) -> -0.00019883151 | H12: =D12+C12*COS(F12) -> 0.0038615548 | I12: =B12+C12*SIN(F12) -> 0.0013977251 | J12: =D12-C12*COS(F12) -> -0.0036047363 | K12: =K11-(K11-K11*SQRT(K11/3)-$A$5)/(1-SQRT(3*K11)/2) -> 0.39134401 | Y12: =IF($Z$1, D12, -0.2) -> -0.2 | AB12: 1.410511 | AC12: =$AA$2*(COS(ATAN($AA$1))+COS(AB12)) -> 0.013824315 | AD12: =IF($Z$2, $AA$2*(SIN(ATAN($AA$1))+SIN(AB12)), -0.2) -> -0.2
B13: 0.00071337768 | C13: =IF(B13<$N$1, ($A$7/0.2)*($O$1*SQRT(B13)+$P$1*B13+$Q$1*(B13^2)+$R$1*(B13^3)), ($A$7/0.2)*($S$1+$T$1*(1-B13)+$U$1*((1-B13)^2)+$V$1*((1-B13)^3))) -> 0.0041645906 | D13: =IF(B13<$A$8, ($A$10/6)*((B13^3)-3*$A$8*(B13^2)+($A$8^2)*(3-$A$8)*B13), (($A$10*($A$8^3))/6)*(1-B13)) -> 0.00015276353 | E13: =IF(B13<$A$8, ($A$10/6)*(3*(B13^2)-6*$A$8*B13+($A$8^2)*(3-$A$8)), -($A$10*($A$8^3))/6) -> 0.21369185 | F13: =ATAN(E13) -> 0.21052548 | G13: =B13-C13*SIN(F13) -> -0.00015691266 | H13: =D13+C13*COS(F13) -> 0.0042254051 | I13: =B13+C13*SIN(F13) -> 0.001583668 | J13: =D13-C13*COS(F13) -> -0.0039198781 | K13: =K12-(K12-K12*SQRT(K12/3)-$A$5)/(1-SQRT(3*K12)/2) -> 0.39134401 | Y13: =IF($Z$1, D13, -0.2) -> -0.2 | AB13: 1.5387393 | AC13: =$AA$2*(COS(ATAN($AA$1))+COS(AB13)) -> 0.012274843 | AD13: =IF($Z$2, $AA$2*(SIN(ATAN($AA$1))+SIN(AB13)), -0.2) -> -0.2
B14: 0.00083721069 | C14: =IF(B14<$N$1, ($A$7/0.2)*($O$1*SQRT(B14)+$P$1*B14+$Q$1*(B14^2)+$R$1*(B14^3)), ($A$7/0.2)*($S$1+$T$1*(1-B14)+$U$1*((1-B14)^2)+$V$1*((1-B14)^3))) -> 0.0045116129 | D14: =IF(B14<$A$8, ($A$10/6)*((B14^3)-3*$A$8*(B14^2)+($A$8^2)*(3-$A$8)*B14), (($A$10*($A$8^3))/6)*(1-B14)) -> 0.00017921598 | E14: =IF(B14<$A$8, ($A$10/6)*(3*(B14^2)-6*$A$8*B14+($A$8^2)*(3-$A$8)), -($A$10*($A$8^3))/6) -> 0.21353598 | F14: =ATAN(E14) -> 0.21037641 | G14: =B14-C14*SIN(F14) -> -0.00010494051 | H14: =D14+C14*COS(F14) -> 0.0045913585 | I14: =B14+C14*SIN(F14) -> 0.0017793619 | J14: =D14-C14*COS(F14) -> -0.0042329265 | K14: =K13-(K13-K13*SQRT(K13/3)-$A$5)/(1-SQRT(3*K13)/2) -> 0.39134401 | Y14: =IF($Z$1, D14, -0.2) -> -0.2 | AB14: 1.6669675 | AC14: =$AA$2*(COS(ATAN($AA$1))+COS(AB14)) -> 0.010718978 | AD14: =IF($Z$2, $AA$2*(SIN(ATAN($AA$1))+SIN(AB14)), -0.2) -> -0.2
B15: 0.00097094459 | C15: =IF(B15<$N$1, ($A$7/0.2)*($O$1*SQRT(B15)+$P$1*B15+$Q$1*(B15^2)+$R$1*(B15^3)), ($A$7/0.2)*($S$1+$T$1*(1-B15)+$U$1*((1-B15)^2)+$V$1*((1-B15)^3))) -> 0.0048586001 | D15: =IF(B15<$A$8, ($A$10/6)*((B15^3)-3*$A$8*(B15^2)+($A$8^2)*(3-$A$8)*B15), (($A$10*($A$8^3))/6)*(1-B15)) -> 0.00020776173 | E15: =IF(B15<$A$8, ($A$10/6)*(3*(B15^2)-6*$A$8*B15+($A$8^2)*(3-$A$8)), -($A$10*($A$8^3))/6) -> 0.21336771 | F15: =ATAN(E15) -> 0.21021546 | G15: =B15-C15*SIN(F15) -> -4.2902523e-05 | H15: =D15+C15*COS(F15) -> 0.0049594044 | I15: =B15+C15*SIN(F15) -> 0.0019847917 | J15: =D15-C15*COS(F15) -> -0.004543881 | K15: =K14-(K14-K14*SQRT(K14/3)-$A$5)/(1-SQRT(3*K14)/2) -> 0.39134401 | Y15: =IF($Z$1, D15, -0.2) -> -0.2 | AB15: 1.7951958 | AC15: =$AA$2*(COS(ATAN($AA$1))+COS(AB15)) -> 0.0091822665 | AD15: =IF($Z$2, $AA$2*(SIN(ATAN($AA$1))+SIN(AB15)), -0.2) -> -0.2
B16: 0.0011145781 | C16: =IF(B16<$N$1, ($A$7/0.2)*($O$1*SQRT(B16)+$P$1*B16+$Q$1*(B16^2)+$R$1*(B16^3)), ($A$7/0.2)*($S$1+$T$1*(1-B16)+$U$1*((1-B16)^2)+$V$1*((1-B16)^3))) -> 0.0052055434 | D16: =IF(B16<$A$8, ($A$10/6)*((B16^3)-3*$A$8*(B16^2)+($A$8^2)*(3-$A$8)*B16), (($A$10*($A$8^3))/6)*(1-B16)) -> 0.0002383955 | E16: =IF(B16<$A$8, ($A$10/6)*(3*(B16^2)-6*$A$8*B16+($A$8^2)*(3-$A$8)), -($A$10*($A$8^3))/6) -> 0.21318704 | F16: =ATAN(E16) -> 0.21004266 | G16: =B16-C16*SIN(F16) -> 2.9213839e-05 | H16: =D16+C16*COS(F16) -> 0.0053295316 | I16: =B16+C16*SIN(F16) -> 0.0021999423 | J16: =D16-C16*COS(F16) -> -0.0048527406 | K16: =K15-(K15-K15*SQRT(K15/3)-$A$5)/(1-SQRT(3*K15)/2) -> 0.39134401 | Y16: =IF($Z$1, D16, -0.2) -> -0.2 | AB16: 1.9234241 | AC16: =$AA$2*(COS(ATAN($AA$1))+COS(AB16)) -> 0.0076899416 | AD16: =IF($Z$2, $AA$2*(SIN(ATAN($AA$1))+SIN(AB16)), -0.2) -> -0.2
B17: 0.0012681097 | C17: =IF(B17<$N$1, ($A$7/0.2)*($O$1*SQRT(B17)+$P$1*B17+$Q$1*(B17^2)+$R$1*(B17^3)), ($A$7/0.2)*($S$1+$T$1*(1-B17)+$U$1*((1-B17)^2)+$V$1*((1-B17)^3))) -> 0.0055524336 | D17: =IF(B17<$A$8, ($A$10/6)*((B17^3)-3*$A$8*(B17^2)+($A$8^2)*(3-$A$8)*B17), (($A$10*($A$8^3))/6)*(1-B17)) -> 0.00027111163 | E17: =IF(B17<$A$8, ($A$10/6)*(3*(B17^2)-6*$A$8*B17+($A$8^2)*(3-$A$8)), -($A$10*($A$8^3))/6) -> 0.21299399 | F17: =ATAN(E17) -> 0.209858 | G17: =B17-C17*SIN(F17) -> 0.00011142111 | H17: =D17+C17*COS(F17) -> 0.0057017276 | I17: =B17+C17*SIN(F17) -> 0.0024247983 | J17: =D17-C17*COS(F17) -> -0.0051595044 | K17: =K16-(K16-K16*SQRT(K16/3)-$A$5)/(1-SQRT(3*K16)/2) -> 0.39134401 | Y17: =IF($Z$1, D17, -0.2) -> -0.2 | AB17: 2.0516523 | AC17: =$AA$2*(COS(ATAN($AA$1))+COS(AB17)) -> 0.0062665073 | AD17: =IF($Z$2, $AA$2*(SIN(ATAN($AA$1))+SIN(AB17)), -0.2) -> -0.2
B18: 0.0014315379 | C18: =IF(B18<$N$1, ($A$7/0.2)*($O$1*SQRT(B18)+$P$1*B18+$Q$1*(B18^2)+$R$1*(B18^3)), ($A$7/0.2)*($S$1+$T$1*(1-B18)+$U$1*((1-B18)^2)+$V$1*((1-B18)^3))) -> 0.0058992606 | D18: =IF(B18<$A$8, ($A$10/6)*((B18^3)-3*$A$8*(B18^2)+($A$8^2)*(3-$A$8)*B18), (($A$10*($A$8^3))/6)*(1-B18)) -> 0.00030590408 | E18: =IF(B18<$A$8, ($A$10/6)*(3*(B18^2)-6*$A$8*B18+($A$8^2)*(3-$A$8)), -($A$10*($A$8^3))/6) -> 0.21278859 | F18: =ATAN(E18) -> 0.20966149 | G18: =B18-C18*SIN(F18) -> 0.00020373181 | H18: =D18+C18*COS(F18) -> 0.0060759793 | I18: =B18+C18*SIN(F18) -> 0.0026593441 | J18: =D18-C18*COS(F18) -> -0.0054641711 | K18: =K17-(K17-K17*SQRT(K17/3)-$A$5)/(1-SQRT(3*K17)/2) -> 0.39134401 | Y18: =IF($Z$1, D18, -0.2) -> -0.2 | AB18: 2.1798806 | AC18: =$AA$2*(COS(ATAN($AA$1))+COS(AB18)) -> 0.0049353363 | AD18: =IF($Z$2, $AA$2*(SIN(ATAN($AA$1))+SIN(AB18)), -0.2) -> -0.2
B19: 0.0016048612 | C19: =IF(B19<$N$1, ($A$7/0.2)*($O$1*SQRT(B19)+$P$1*B19+$Q$1*(B19^2)+$R$1*(B19^3)), ($A$7/0.2)*($S$1+$T$1*(1-B19)+$U$1*((1-B19)^2)+$V$1*((1-B19)^3))) -> 0.0062460139 | D19: =IF(B19<$A$8, ($A$10/6)*((B19^3)-3*$A$8*(B19^2)+($A$8^2)*(3-$A$8)*B19), (($A$10*($A$8^3))/6)*(1-B19)) -> 0.00034276642 | E19: =IF(B19<$A$8, ($A$10/6)*(3*(B19^2)-6*$A$8*B19+($A$8^2)*(3-$A$8)), -($A$10*($A$8^3))/6) -> 0.21257084 | F19: =ATAN(E19) -> 0.20945317 | G19: =B19-C19*SIN(F19) -> 0.00030615845 | H19: =D19+C19*COS(F19) -> 0.0064522722 | I19: =B19+C19*SIN(F19) -> 0.002903564 | J19: =D19-C19*COS(F19) -> -0.0057667393 | K19: =K18-(K18-K18*SQRT(K18/3)-$A$5)/(1-SQRT(3*K18)/2) -> 0.39134401 | Y19: =IF($Z$1, D19, -0.2) -> -0.2 | AB19: 2.3081089 | AC19: =$AA$2*(COS(ATAN($AA$1))+COS(AB19)) -> 0.0037182864 | AD19: =IF($Z$2, $AA$2*(SIN(ATAN($AA$1))+SIN(AB19)), -0.2) -> -0.2
B20: 0.0017880778 | C20: =IF(B20<$N$1, ($A$7/0.2)*($O$1*SQRT(B20)+$P$1*B20+$Q$1*(B20^2)+$R$1*(B20^3)), ($A$7/0.2)*($S$1+$T$1*(1-B20)+$U$1*((1-B20)^2)+$V$1*((1-B20)^3))) -> 0.0065926825 | D20: =IF(B20<$A$8, ($A$10/6)*((B20^3)-3*$A$8*(B20^2)+($A$8^2)*(3-$A$8)*B20), (($A$10*($A$8^3))/6)*(1-B20)) -> 0.00038169184 | E20: =IF(B20<$A$8, ($A$10/6)*(3*(B20^2)-6*$A$8*B20+($A$8^2)*(3-$A$8)), -($A$10*($A$8^3))/6) -> 0.21234077 | F20: =ATAN(E20) -> 0.20923303 | G20: =B20-C20*SIN(F20) -> 0.00041871352 | H20: =D20+C20*COS(F20) -> 0.0068305912 | I20: =B20+C20*SIN(F20) -> 0.003157442 | J20: =D20-C20*COS(F20) -> -0.0060672076 | K20: =K19-(K19-K19*SQRT(K19/3)-$A$5)/(1-SQRT(3*K19)/2) -> 0.39134401 | Y20: =IF($Z$1, D20, -0.2) -> -0.2 | AB20: 2.4363372 | AC20: =$AA$2*(COS(ATAN($AA$1))+COS(AB20)) -> 0.0026353416 | AD20: =IF($Z$2, $AA$2*(SIN(ATAN($AA$1))+SIN(AB20)), -0.2) -> -0.2
B21: 0.0019811858 | C21: =IF(B21<$N$1, ($A$7/0.2)*($O$1*SQRT(B21)+$P$1*B21+$Q$1*(B21^2)+$R$1*(B21^3)), ($A$7/0.2)*($S$1+$T$1*(1-B21)+$U$1*((1-B21)^2)+$V$1*((1-B21)^3))) -> 0.0069392546 | D21: =IF(B21<$A$8, ($A$10/6)*((B21^3)-3*$A$8*(B21^2)+($A$8^2)*(3-$A$8)*B21), (($A$10*($A$8^3))/6)*(1-B21)) -> 0.00042267314 | E21: =IF(B21<$A$8, ($A$10/6)*(3*(B21^2)-6*$A$8*B21+($A$8^2)*(3-$A$8)), -($A$10*($A$8^3))/6) -> 0.21209839 | F21: =ATAN(E21) -> 0.2090011 | G21: =B21-C21*SIN(F21) -> 0.00054140951 | H21: =D21+C21*COS(F21) -> 0.0072109202 | I21: =B21+C21*SIN(F21) -> 0.0034209621 | J21: =D21-C21*COS(F21) -> -0.006365574 | Y21: =IF($Z$1, D21, -0.2) -> -0.2 | AB21: 2.5645654 | AC21: =$AA$2*(COS(ATAN($AA$1))+COS(AB21)) -> 0.0017042837 | AD21: =IF($Z$2, $AA$2*(SIN(ATAN($AA$1))+SIN(AB21)), -0.2) -> -0.2
B22: 0.0021841834 | C22: =IF(B22<$N$1, ($A$7/0.2)*($O$1*SQRT(B22)+$P$1*B22+$Q$1*(B22^2)+$R$1*(B22^3)), ($A$7/0.2)*($S$1+$T$1*(1-B22)+$U$1*((1-B22)^2)+$V$1*((1-B22)^3))) -> 0.0072857181 | D22: =IF(B22<$A$8, ($A$10/6)*((B22^3)-3*$A$8*(B22^2)+($A$8^2)*(3-$A$8)*B22), (($A$10*($A$8^3))/6)*(1-B22)) -> 0.00046570275 | E22: =IF(B22<$A$8, ($A$10/6)*(3*(B22^2)-6*$A$8*B22+($A$8^2)*(3-$A$8)), -($A$10*($A$8^3))/6) -> 0.21184373 | F22: =ATAN(E22) -> 0.20875739 | G22: =B22-C22*SIN(F22) -> 0.00067425886 | H22: =D22+C22*COS(F22) -> 0.0075932421 | I22: =B22+C22*SIN(F22) -> 0.0036941079 | J22: =D22-C22*COS(F22) -> -0.0066618366 | Y22: =IF($Z$1, D22, -0.2) -> -0.2 | AB22: 2.6927937 | AC22: =$AA$2*(COS(ATAN($AA$1))+COS(AB22)) -> 0.00094040081 | AD22: =IF($Z$2, $AA$2*(SIN(ATAN($AA$1))+SIN(AB22)), -0.2) -> -0.2
B23: 0.0023970685 | C23: =IF(B23<$N$1, ($A$7/0.2)*($O$1*SQRT(B23)+$P$1*B23+$Q$1*(B23^2)+$R$1*(B23^3)), ($A$7/0.2)*($S$1+$T$1*(1-B23)+$U$1*((1-B23)^2)+$V$1*((1-B23)^3))) -> 0.0076320603 | D23: =IF(B23<$A$8, ($A$10/6)*((B23^3)-3*$A$8*(B23^2)+($A$8^2)*(3-$A$8)*B23), (($A$10*($A$8^3))/6)*(1-B23)) -> 0.00051077272 | E23: =IF(B23<$A$8, ($A$10/6)*(3*(B23^2)-6*$A$8*B23+($A$8^2)*(3-$A$8)), -($A$10*($A$8^3))/6) -> 0.21157681 | F23: =ATAN(E23) -> 0.20850192 | G23: =B23-C23*SIN(F23) -> 0.000817274 | H23: =D23+C23*COS(F23) -> 0.0079775387 | I23: =B23+C23*SIN(F23) -> 0.003976863 | J23: =D23-C23*COS(F23) -> -0.0069559932 | Y23: =IF($Z$1, D23, -0.2) -> -0.2 | AB23: 2.821022 | AC23: =$AA$2*(COS(ATAN($AA$1))+COS(AB23)) -> 0.00035623572 | AD23: =IF($Z$2, $AA$2*(SIN(ATAN($AA$1))+SIN(AB23)), -0.2) -> -0.2
B24: 0.0026198391 | C24: =IF(B24<$N$1, ($A$7/0.2)*($O$1*SQRT(B24)+$P$1*B24+$Q$1*(B24^2)+$R$1*(B24^3)), ($A$7/0.2)*($S$1+$T$1*(1-B24)+$U$1*((1-B24)^2)+$V$1*((1-B24)^3))) -> 0.0079782678 | D24: =IF(B24<$A$8, ($A$10/6)*((B24^3)-3*$A$8*(B24^2)+($A$8^2)*(3-$A$8)*B24), (($A$10*($A$8^3))/6)*(1-B24)) -> 0.00055787471 | E24: =IF(B24<$A$8, ($A$10/6)*(3*(B24^2)-6*$A$8*B24+($A$8^2)*(3-$A$8)), -($A$10*($A$8^3))/6) -> 0.21129765 | F24: =ATAN(E24) -> 0.20823471 | G24: =B24-C24*SIN(F24) -> 0.00097046732 | H24: =D24+C24*COS(F24) -> 0.008363791 | I24: =B24+C24*SIN(F24) -> 0.0042692109 | J24: =D24-C24*COS(F24) -> -0.0072480416 | Y24: =IF($Z$1, D24, -0.2) -> -0.2 | AB24: 2.9492502 | AC24: =$AA$2*(COS(ATAN($AA$1))+COS(AB24)) -> -3.8619546e-05 | AD24: =IF($Z$2, $AA$2*(SIN(ATAN($AA$1))+SIN(AB24)), -0.2) -> -0.2
B25: 0.0028524929 | C25: =IF(B25<$N$1, ($A$7/0.2)*($O$1*SQRT(B25)+$P$1*B25+$Q$1*(B25^2)+$R$1*(B25^3)), ($A$7/0.2)*($S$1+$T$1*(1-B25)+$U$1*((1-B25)^2)+$V$1*((1-B25)^3))) -> 0.0083243267 | D25: =IF(B25<$A$8, ($A$10/6)*((B25^3)-3*$A$8*(B25^2)+($A$8^2)*(3-$A$8)*B25), (($A$10*($A$8^3))/6)*(1-B25)) -> 0.00060700002 | E25: =IF(B25<$A$8, ($A$10/6)*(3*(B25^2)-6*$A$8*B25+($A$8^2)*(3-$A$8)), -($A$10*($A$8^3))/6) -> 0.21100628 | F25: =ATAN(E25) -> 0.20795577 | G25: =B25-C25*SIN(F25) -> 0.0011338512 | H25: =D25+C25*COS(F25) -> 0.0087519792 | I25: =B25+C25*SIN(F25) -> 0.0045711346 | J25: =D25-C25*COS(F25) -> -0.0075379791 | Y25: =IF($Z$1, D25, -0.2) -> -0.2 | AB25: 3.0774785 | AC25: =$AA$2*(COS(ATAN($AA$1))+COS(AB25)) -> -0.00023768147 | AD25: =IF($Z$2, $AA$2*(SIN(ATAN($AA$1))+SIN(AB25)), -0.2) -> -0.2
B26: 0.0030950276 | C26: =IF(B26<$N$1, ($A$7/0.2)*($O$1*SQRT(B26)+$P$1*B26+$Q$1*(B26^2)+$R$1*(B26^3)), ($A$7/0.2)*($S$1+$T$1*(1-B26)+$U$1*((1-B26)^2)+$V$1*((1-B26)^3))) -> 0.0086702227 | D26: =IF(B26<$A$8, ($A$10/6)*((B26^3)-3*$A$8*(B26^2)+($A$8^2)*(3-$A$8)*B26), (($A$10*($A$8^3))/6)*(1-B26)) -> 0.00065813955 | E26: =IF(B26<$A$8, ($A$10/6)*(3*(B26^2)-6*$A$8*B26+($A$8^2)*(3-$A$8)), -($A$10*($A$8^3))/6) -> 0.21070271 | F26: =ATAN(E26) -> 0.20766513 | G26: =B26-C26*SIN(F26) -> 0.0013074379 | H26: =D26+C26*COS(F26) -> 0.0091420823 | I26: =B26+C26*SIN(F26) -> 0.0048826174 | J26: =D26-C26*COS(F26) -> -0.0078258031 | Y26: =IF($Z$1, D26, -0.2) -> -0.2 | AB26: 3.2057068 | AC26: =$AA$2*(COS(ATAN($AA$1))+COS(AB26)) -> -0.00023768147 | AD26: =IF($Z$2, $AA$2*(SIN(ATAN($AA$1))+SIN(AB26)), -0.2) -> -0.2
B27: 0.0033474409 | C27: =IF(B27<$N$1, ($A$7/0.2)*($O$1*SQRT(B27)+$P$1*B27+$Q$1*(B27^2)+$R$1*(B27^3)), ($A$7/0.2)*($S$1+$T$1*(1-B27)+$U$1*((1-B27)^2)+$V$1*((1-B27)^3))) -> 0.0090159407 | D27: =IF(B27<$A$8, ($A$10/6)*((B27^3)-3*$A$8*(B27^2)+($A$8^2)*(3-$A$8)*B27), (($A$10*($A$8^3))/6)*(1-B27)) -> 0.00071128386 | E27: =IF(B27<$A$8, ($A$10/6)*(3*(B27^2)-6*$A$8*B27+($A$8^2)*(3-$A$8)), -($A$10*($A$8^3))/6) -> 0.21038699 | F27: =ATAN(E27) -> 0.20736281 | G27: =B27-C27*SIN(F27) -> 0.0014912397 | H27: =D27+C27*COS(F27) -> 0.0095340784 | I27: =B27+C27*SIN(F27) -> 0.0052036421 | J27: =D27-C27*COS(F27) -> -0.0081115107 | Y27: =IF($Z$1, D27, -0.2) -> -0.2 | AB27: 3.3339351 | AC27: =$AA$2*(COS(ATAN($AA$1))+COS(AB27)) -> -3.8619546e-05 | AD27: =IF($Z$2, $AA$2*(SIN(ATAN($AA$1))+SIN(AB27)), -0.2) -> -0.2
B28: 0.0036097302 | C28: =IF(B28<$N$1, ($A$7/0.2)*($O$1*SQRT(B28)+$P$1*B28+$Q$1*(B28^2)+$R$1*(B28^3)), ($A$7/0.2)*($S$1+$T$1*(1-B28)+$U$1*((1-B28)^2)+$V$1*((1-B28)^3))) -> 0.0093614654 | D28: =IF(B28<$A$8, ($A$10/6)*((B28^3)-3*$A$8*(B28^2)+($A$8^2)*(3-$A$8)*B28), (($A$10*($A$8^3))/6)*(1-B28)) -> 0.00076642311 | E28: =IF(B28<$A$8, ($A$10/6)*(3*(B28^2)-6*$A$8*B28+($A$8^2)*(3-$A$8)), -($A$10*($A$8^3))/6) -> 0.21005913 | F28: =ATAN(E28) -> 0.20704882 | G28: =B28-C28*SIN(F28) -> 0.0016852689 | H28: =D28+C28*COS(F28) -> 0.009927945 | I28: =B28+C28*SIN(F28) -> 0.0055341915 | J28: =D28-C28*COS(F28) -> -0.0083950988 | Y28: =IF($Z$1, D28, -0.2) -> -0.2 | AB28: 3.4621633 | AC28: =$AA$2*(COS(ATAN($AA$1))+COS(AB28)) -> 0.00035623572 | AD28: =IF($Z$2, $AA$2*(SIN(ATAN($AA$1))+SIN(AB28)), -0.2) -> -0.2
B29: 0.0038818929 | C29: =IF(B29<$N$1, ($A$7/0.2)*($O$1*SQRT(B29)+$P$1*B29+$Q$1*(B29^2)+$R$1*(B29^3)), ($A$7/0.2)*($S$1+$T$1*(1-B29)+$U$1*((1-B29)^2)+$V$1*((1-B29)^3))) -> 0.0097067807 | D29: =IF(B29<$A$8, ($A$10/6)*((B29^3)-3*$A$8*(B29^2)+($A$8^2)*(3-$A$8)*B29), (($A$10*($A$8^3))/6)*(1-B29)) -> 0.0008235471 | E29: =IF(B29<$A$8, ($A$10/6)*(3*(B29^2)-6*$A$8*B29+($A$8^2)*(3-$A$8)), -($A$10*($A$8^3))/6) -> 0.20971916 | F29: =ATAN(E29) -> 0.2067232 | G29: =B29-C29*SIN(F29) -> 0.0018895376 | H29: =D29+C29*COS(F29) -> 0.010323658 | I29: =B29+C29*SIN(F29) -> 0.0058742482 | J29: =D29-C29*COS(F29) -> -0.0086765641 | Y29: =IF($Z$1, D29, -0.2) -> -0.2 | AB29: 3.5903916 | AC29: =$AA$2*(COS(ATAN($AA$1))+COS(AB29)) -> 0.00094040081 | AD29: =IF($Z$2, $AA$2*(SIN(ATAN($AA$1))+SIN(AB29)), -0.2) -> -0.2
B30: 0.0041639263 | C30: =IF(B30<$N$1, ($A$7/0.2)*($O$1*SQRT(B30)+$P$1*B30+$Q$1*(B30^2)+$R$1*(B30^3)), ($A$7/0.2)*($S$1+$T$1*(1-B30)+$U$1*((1-B30)^2)+$V$1*((1-B30)^3))) -> 0.01005187 | D30: =IF(B30<$A$8, ($A$10/6)*((B30^3)-3*$A$8*(B30^2)+($A$8^2)*(3-$A$8)*B30), (($A$10*($A$8^3))/6)*(1-B30)) -> 0.00088264527 | E30: =IF(B30<$A$8, ($A$10/6)*(3*(B30^2)-6*$A$8*B30+($A$8^2)*(3-$A$8)), -($A$10*($A$8^3))/6) -> 0.20936711 | F30: =ATAN(E30) -> 0.20638596 | G30: =B30-C30*SIN(F30) -> 0.0021040579 | H30: =D30+C30*COS(F30) -> 0.010721194 | I30: =B30+C30*SIN(F30) -> 0.0062237948 | J30: =D30-C30*COS(F30) -> -0.0089559032 | Y30: =IF($Z$1, D30, -0.2) -> -0.2 | AB30: 3.7186199 | AC30: =$AA$2*(COS(ATAN($AA$1))+COS(AB30)) -> 0.0017042837 | AD30: =IF($Z$2, $AA$2*(SIN(ATAN($AA$1))+SIN(AB30)), -0.2) -> -0.2
B31: 0.0044558277 | C31: =IF(B31<$N$1, ($A$7/0.2)*($O$1*SQRT(B31)+$P$1*B31+$Q$1*(B31^2)+$R$1*(B31^3)), ($A$7/0.2)*($S$1+$T$1*(1-B31)+$U$1*((1-B31)^2)+$V$1*((1-B31)^3))) -> 0.010396717 | D31: =IF(B31<$A$8, ($A$10/6)*((B31^3)-3*$A$8*(B31^2)+($A$8^2)*(3-$A$8)*B31), (($A$10*($A$8^3))/6)*(1-B31)) -> 0.00094370667 | E31: =IF(B31<$A$8, ($A$10/6)*(3*(B31^2)-6*$A$8*B31+($A$8^2)*(3-$A$8)), -($A$10*($A$8^3))/6) -> 0.20900302 | F31: =ATAN(E31) -> 0.20603713 | G31: =B31-C31*SIN(F31) -> 0.0023288418 | H31: =D31+C31*COS(F31) -> 0.011120526 | I31: =B31+C31*SIN(F31) -> 0.0065828136 | J31: =D31-C31*COS(F31) -> -0.0092331125 | Y31: =IF($Z$1, D31, -0.2) -> -0.2 | AB31: 3.8468481 | AC31: =$AA$2*(COS(ATAN($AA$1))+COS(AB31)) -> 0.0026353416 | AD31: =IF($Z$2, $AA$2*(SIN(ATAN($AA$1))+SIN(AB31)), -0.2) -> -0.2
B32: 0.0047575941 | C32: =IF(B32<$N$1, ($A$7/0.2)*($O$1*SQRT(B32)+$P$1*B32+$Q$1*(B32^2)+$R$1*(B32^3)), ($A$7/0.2)*($S$1+$T$1*(1-B32)+$U$1*((1-B32)^2)+$V$1*((1-B32)^3))) -> 0.010741303 | D32: =IF(B32<$A$8, ($A$10/6)*((B32^3)-3*$A$8*(B32^2)+($A$8^2)*(3-$A$8)*B32), (($A$10*($A$8^3))/6)*(1-B32)) -> 0.00100672 | E32: =IF(B32<$A$8, ($A$10/6)*(3*(B32^2)-6*$A$8*B32+($A$8^2)*(3-$A$8)), -($A$10*($A$8^3))/6) -> 0.20862691 | F32: =ATAN(E32) -> 0.20567674 | G32: =B32-C32*SIN(F32) -> 0.0025639013 | H32: =D32+C32*COS(F32) -> 0.011521628 | I32: =B32+C32*SIN(F32) -> 0.0069512869 | J32: =D32-C32*COS(F32) -> -0.0095081882 | Y32: =IF($Z$1, D32, -0.2) -> -0.2 | AB32: 3.9750764 | AC32: =$AA$2*(COS(ATAN($AA$1))+COS(AB32)) -> 0.0037182864 | AD32: =IF($Z$2, $AA$2*(SIN(ATAN($AA$1))+SIN(AB32)), -0.2) -> -0.2
... B50: 0.011872429 | C50: =IF(B50<$N$1, ($A$7/0.2)*($O$1*SQRT(B50)+$P$1*B50+$Q$1*(B50^2)+$R$1*(B50^3)), ($A$7/0.2)*($S$1+$T$1*(1-B50)+$U$1*((1-B50)^2)+$V$1*((1-B50)^3))) -> 0.016876377 | D50: =IF(B50<$A$8, ($A$10/6)*((B50^3)-3*$A$8*(B50^2)+($A$8^2)*(3-$A$8)*B50), (($A$10*($A$8^3))/6)*(1-B50)) -> 0.0024597259 | E50: =IF(B50<$A$8, ($A$10/6)*(3*(B50^2)-6*$A$8*B50+($A$8^2)*(3-$A$8)), -($A$10*($A$8^3))/6) -> 0.19984428 | F50: =ATAN(E50) -> 0.19724582 | G50: =B50-C50*SIN(F50) -> 0.0085651775 | H50: =D50+C50*COS(F50) -> 0.01900887 | I50: =B50+C50*SIN(F50) -> 0.015179681 | J50: =D50-C50*COS(F50) -> -0.014089419 | Y50: =IF($Z$1, D50, -0.2) -> -0.2 | AB50: 6.2831853 | AC50: =$AA$2*(COS(ATAN($AA$1))+COS(AB50)) -> 0.024033595 | AD50: =IF($Z$2, $AA$2*(SIN(ATAN($AA$1))+SIN(AB50)), -0.2) -> -0.2
B51: 0.012360952 | C51: =IF(B51<$N$1, ($A$7/0.2)*($O$1*SQRT(B51)+$P$1*B51+$Q$1*(B51^2)+$R$1*(B51^3)), ($A$7/0.2)*($S$1+$T$1*(1-B51)+$U$1*((1-B51)^2)+$V$1*((1-B51)^3))) -> 0.017212041 | D51: =IF(B51<$A$8, ($A$10/6)*((B51^3)-3*$A$8*(B51^2)+($A$8^2)*(3-$A$8)*B51), (($A$10*($A$8^3))/6)*(1-B51)) -> 0.0025572085 | E51: =IF(B51<$A$8, ($A$10/6)*(3*(B51^2)-6*$A$8*B51+($A$8^2)*(3-$A$8)), -($A$10*($A$8^3))/6) -> 0.19924723 | F51: =ATAN(E51) -> 0.19667163 | G51: =B51-C51*SIN(F51) -> 0.0089976124 | H51: =D51+C51*COS(F51) -> 0.019437442 | I51: =B51+C51*SIN(F51) -> 0.015724292 | J51: =D51-C51*COS(F51) -> -0.014323025 | Y51: =IF($Z$1, D51, -0.2) -> -0.2
B52: 0.012859262 | C52: =IF(B52<$N$1, ($A$7/0.2)*($O$1*SQRT(B52)+$P$1*B52+$Q$1*(B52^2)+$R$1*(B52^3)), ($A$7/0.2)*($S$1+$T$1*(1-B52)+$U$1*((1-B52)^2)+$V$1*((1-B52)^3))) -> 0.017546995 | D52: =IF(B52<$A$8, ($A$10/6)*((B52^3)-3*$A$8*(B52^2)+($A$8^2)*(3-$A$8)*B52), (($A$10*($A$8^3))/6)*(1-B52)) -> 0.0026563437 | E52: =IF(B52<$A$8, ($A$10/6)*(3*(B52^2)-6*$A$8*B52+($A$8^2)*(3-$A$8)), -($A$10*($A$8^3))/6) -> 0.19863901 | F52: =ATAN(E52) -> 0.19608657 | G52: =B52-C52*SIN(F52) -> 0.0094405385 | H52: =D52+C52*COS(F52) -> 0.019867078 | I52: =B52+C52*SIN(F52) -> 0.016277985 | J52: =D52-C52*COS(F52) -> -0.01455439 | Y52: =IF($Z$1, D52, -0.2) -> -0.2
B53: 0.013367353 | C53: =IF(B53<$N$1, ($A$7/0.2)*($O$1*SQRT(B53)+$P$1*B53+$Q$1*(B53^2)+$R$1*(B53^3)), ($A$7/0.2)*($S$1+$T$1*(1-B53)+$U$1*((1-B53)^2)+$V$1*((1-B53)^3))) -> 0.017881213 | D53: =IF(B53<$A$8, ($A$10/6)*((B53^3)-3*$A$8*(B53^2)+($A$8^2)*(3-$A$8)*B53), (($A$10*($A$8^3))/6)*(1-B53)) -> 0.0027571131 | E53: =IF(B53<$A$8, ($A$10/6)*(3*(B53^2)-6*$A$8*B53+($A$8^2)*(3-$A$8)), -($A$10*($A$8^3))/6) -> 0.19801967 | F53: =ATAN(E53) -> 0.19549067 | G53: =B53-C53*SIN(F53) -> 0.0098939651 | H53: =D53+C53*COS(F53) -> 0.020297733 | I53: =B53+C53*SIN(F53) -> 0.016840741 | J53: =D53-C53*COS(F53) -> -0.014783507 | Y53: =IF($Z$1, D53, -0.2) -> -0.2
B54: 0.013885221 | C54: =IF(B54<$N$1, ($A$7/0.2)*($O$1*SQRT(B54)+$P$1*B54+$Q$1*(B54^2)+$R$1*(B54^3)), ($A$7/0.2)*($S$1+$T$1*(1-B54)+$U$1*((1-B54)^2)+$V$1*((1-B54)^3))) -> 0.018214668 | D54: =IF(B54<$A$8, ($A$10/6)*((B54^3)-3*$A$8*(B54^2)+($A$8^2)*(3-$A$8)*B54), (($A$10*($A$8^3))/6)*(1-B54)) -> 0.0028594978 | E54: =IF(B54<$A$8, ($A$10/6)*(3*(B54^2)-6*$A$8*B54+($A$8^2)*(3-$A$8)), -($A$10*($A$8^3))/6) -> 0.19738927 | F54: =ATAN(E54) -> 0.19488399 | G54: =B54-C54*SIN(F54) -> 0.010357901 | H54: =D54+C54*COS(F54) -> 0.020729365 | I54: =B54+C54*SIN(F54) -> 0.017412541 | J54: =D54-C54*COS(F54) -> -0.015010369 | Y54: =IF($Z$1, D54, -0.2) -> -0.2
B55: 0.01441286 | C55: =IF(B55<$N$1, ($A$7/0.2)*($O$1*SQRT(B55)+$P$1*B55+$Q$1*(B55^2)+$R$1*(B55^3)), ($A$7/0.2)*($S$1+$T$1*(1-B55)+$U$1*((1-B55)^2)+$V$1*((1-B55)^3))) -> 0.018547332 | D55: =IF(B55<$A$8, ($A$10/6)*((B55^3)-3*$A$8*(B55^2)+($A$8^2)*(3-$A$8)*B55), (($A$10*($A$8^3))/6)*(1-B55)) -> 0.002963479 | E55: =IF(B55<$A$8, ($A$10/6)*(3*(B55^2)-6*$A$8*B55+($A$8^2)*(3-$A$8)), -($A$10*($A$8^3))/6) -> 0.19674787 | F55: =ATAN(E55) -> 0.19426656 | G55: =B55-C55*SIN(F55) -> 0.010832355 | H55: =D55+C55*COS(F55) -> 0.021161927 | I55: =B55+C55*SIN(F55) -> 0.017993366 | J55: =D55-C55*COS(F55) -> -0.015234969 | Y55: =IF($Z$1, D55, -0.2) -> -0.2
B56: 0.014950266 | C56: =IF(B56<$N$1, ($A$7/0.2)*($O$1*SQRT(B56)+$P$1*B56+$Q$1*(B56^2)+$R$1*(B56^3)), ($A$7/0.2)*($S$1+$T$1*(1-B56)+$U$1*((1-B56)^2)+$V$1*((1-B56)^3))) -> 0.018879178 | D56: =IF(B56<$A$8, ($A$10/6)*((B56^3)-3*$A$8*(B56^2)+($A$8^2)*(3-$A$8)*B56), (($A$10*($A$8^3))/6)*(1-B56)) -> 0.0030690371 | E56: =IF(B56<$A$8, ($A$10/6)*(3*(B56^2)-6*$A$8*B56+($A$8^2)*(3-$A$8)), -($A$10*($A$8^3))/6) -> 0.19609552 | F56: =ATAN(E56) -> 0.19363844 | G56: =B56-C56*SIN(F56) -> 0.011317335 | H56: =D56+C56*COS(F56) -> 0.021595374 | I56: =B56+C56*SIN(F56) -> 0.018583198 | J56: =D56-C56*COS(F56) -> -0.0154573 | Y56: =IF($Z$1, D56, -0.2) -> -0.2
B57: 0.015497433 | C57: =IF(B57<$N$1, ($A$7/0.2)*($O$1*SQRT(B57)+$P$1*B57+$Q$1*(B57^2)+$R$1*(B57^3)), ($A$7/0.2)*($S$1+$T$1*(1-B57)+$U$1*((1-B57)^2)+$V$1*((1-B57)^3))) -> 0.019210177 | D57: =IF(B57<$A$8, ($A$10/6)*((B57^3)-3*$A$8*(B57^2)+($A$8^2)*(3-$A$8)*B57), (($A$10*($A$8^3))/6)*(1-B57)) -> 0.0031761526 | E57: =IF(B57<$A$8, ($A$10/6)*(3*(B57^2)-6*$A$8*B57+($A$8^2)*(3-$A$8)), -($A$10*($A$8^3))/6) -> 0.19543227 | F57: =ATAN(E57) -> 0.19299968 | G57: =B57-C57*SIN(F57) -> 0.01181285 | H57: =D57+C57*COS(F57) -> 0.02202966 | I57: =B57+C57*SIN(F57) -> 0.019182017 | J57: =D57-C57*COS(F57) -> -0.015677355 | Y57: =IF($Z$1, D57, -0.2) -> -0.2
B58: 0.016054356 | C58: =IF(B58<$N$1, ($A$7/0.2)*($O$1*SQRT(B58)+$P$1*B58+$Q$1*(B58^2)+$R$1*(B58^3)), ($A$7/0.2)*($S$1+$T$1*(1-B58)+$U$1*((1-B58)^2)+$V$1*((1-B58)^3))) -> 0.019540301 | D58: =IF(B58<$A$8, ($A$10/6)*((B58^3)-3*$A$8*(B58^2)+($A$8^2)*(3-$A$8)*B58), (($A$10*($A$8^3))/6)*(1-B58)) -> 0.0032848055 | E58: =IF(B58<$A$8, ($A$10/6)*(3*(B58^2)-6*$A$8*B58+($A$8^2)*(3-$A$8)), -($A$10*($A$8^3))/6) -> 0.19475819 | F58: =ATAN(E58) -> 0.19235031 | G58: =B58-C58*SIN(F58) -> 0.012318907 | H58: =D58+C58*COS(F58) -> 0.022464738 | I58: =B58+C58*SIN(F58) -> 0.019789805 | J58: =D58-C58*COS(F58) -> -0.015895126 | Y58: =IF($Z$1, D58, -0.2) -> -0.2
B59: 0.016621029 | C59: =IF(B59<$N$1, ($A$7/0.2)*($O$1*SQRT(B59)+$P$1*B59+$Q$1*(B59^2)+$R$1*(B59^3)), ($A$7/0.2)*($S$1+$T$1*(1-B59)+$U$1*((1-B59)^2)+$V$1*((1-B59)^3))) -> 0.019869522 | D59: =IF(B59<$A$8, ($A$10/6)*((B59^3)-3*$A$8*(B59^2)+($A$8^2)*(3-$A$8)*B59), (($A$10*($A$8^3))/6)*(1-B59)) -> 0.0033949756 | E59: =IF(B59<$A$8, ($A$10/6)*(3*(B59^2)-6*$A$8*B59+($A$8^2)*(3-$A$8)), -($A$10*($A$8^3))/6) -> 0.19407333 | F59: =ATAN(E59) -> 0.1916904 | G59: =B59-C59*SIN(F59) -> 0.012835515 | H59: =D59+C59*COS(F59) -> 0.022900559 | I59: =B59+C59*SIN(F59) -> 0.020406542 | J59: =D59-C59*COS(F59) -> -0.016110608 | Y59: =IF($Z$1, D59, -0.2) -> -0.2
B60: 0.017197446 | C60: =IF(B60<$N$1, ($A$7/0.2)*($O$1*SQRT(B60)+$P$1*B60+$Q$1*(B60^2)+$R$1*(B60^3)), ($A$7/0.2)*($S$1+$T$1*(1-B60)+$U$1*((1-B60)^2)+$V$1*((1-B60)^3))) -> 0.02019781 | D60: =IF(B60<$A$8, ($A$10/6)*((B60^3)-3*$A$8*(B60^2)+($A$8^2)*(3-$A$8)*B60), (($A$10*($A$8^3))/6)*(1-B60)) -> 0.0035066423 | E60: =IF(B60<$A$8, ($A$10/6)*(3*(B60^2)-6*$A$8*B60+($A$8^2)*(3-$A$8)), -($A$10*($A$8^3))/6) -> 0.19337776 | F60: =ATAN(E60) -> 0.19101999 | G60: =B60-C60*SIN(F60) -> 0.013362681 | H60: =D60+C60*COS(F60) -> 0.023337076 | I60: =B60+C60*SIN(F60) -> 0.021032211 | J60: =D60-C60*COS(F60) -> -0.016323791 | Y60: =IF($Z$1, D60, -0.2) -> -0.2
B61: 0.017783602 | C61: =IF(B61<$N$1, ($A$7/0.2)*($O$1*SQRT(B61)+$P$1*B61+$Q$1*(B61^2)+$R$1*(B61^3)), ($A$7/0.2)*($S$1+$T$1*(1-B61)+$U$1*((1-B61)^2)+$V$1*((1-B61)^3))) -> 0.020525135 | D61: =IF(B61<$A$8, ($A$10/6)*((B61^3)-3*$A$8*(B61^2)+($A$8^2)*(3-$A$8)*B61), (($A$10*($A$8^3))/6)*(1-B61)) -> 0.0036197848 | E61: =IF(B61<$A$8, ($A$10/6)*(3*(B61^2)-6*$A$8*B61+($A$8^2)*(3-$A$8)), -($A$10*($A$8^3))/6) -> 0.19267154 | F61: =ATAN(E61) -> 0.19033913 | G61: =B61-C61*SIN(F61) -> 0.013900412 | H61: =D61+C61*COS(F61) -> 0.023774239 | I61: =B61+C61*SIN(F61) -> 0.021666792 | J61: =D61-C61*COS(F61) -> -0.016534669 | Y61: =IF($Z$1, D61, -0.2) -> -0.2
B62: 0.018379491 | C62: =IF(B62<$N$1, ($A$7/0.2)*($O$1*SQRT(B62)+$P$1*B62+$Q$1*(B62^2)+$R$1*(B62^3)), ($A$7/0.2)*($S$1+$T$1*(1-B62)+$U$1*((1-B62)^2)+$V$1*((1-B62)^3))) -> 0.02085147 | D62: =IF(B62<$A$8, ($A$10/6)*((B62^3)-3*$A$8*(B62^2)+($A$8^2)*(3-$A$8)*B62), (($A$10*($A$8^3))/6)*(1-B62)) -> 0.003734382 | E62: =IF(B62<$A$8, ($A$10/6)*(3*(B62^2)-6*$A$8*B62+($A$8^2)*(3-$A$8)), -($A$10*($A$8^3))/6) -> 0.19195472 | F62: =ATAN(E62) -> 0.18964788 | G62: =B62-C62*SIN(F62) -> 0.014448716 | H62: =D62+C62*COS(F62) -> 0.024211999 | I62: =B62+C62*SIN(F62) -> 0.022310266 | J62: =D62-C62*COS(F62) -> -0.016743235 | Y62: =IF($Z$1, D62, -0.2) -> -0.2
... B500: 1 | C500: =IF(B500<$N$1, ($A$7/0.2)*($O$1*SQRT(B500)+$P$1*B500+$Q$1*(B500^2)+$R$1*(B500^3)), ($A$7/0.2)*($S$1+$T$1*(1-B500)+$U$1*((1-B500)^2)+$V$1*((1-B500)^3))) -> 0.0009 | D500: =IF(B500<$A$8, ($A$10/6)*((B500^3)-3*$A$8*(B500^2)+($A$8^2)*(3-$A$8)*B500), (($A$10*($A$8^3))/6)*(1-B500)) -> 3.5740705e-18 | E500: =IF(B500<$A$8, ($A$10/6)*(3*(B500^2)-6*$A$8*B500+($A$8^2)*(3-$A$8)), -($A$10*($A$8^3))/6) -> -0.032192365 | F500: =ATAN(E500) -> -0.032181251 | G500: =B500-C500*SIN(F500) -> 1.000029 | H500: =D500+C500*COS(F500) -> 0.00089953401 | I500: =B500+C500*SIN(F500) -> 0.99997104 | J500: =D500-C500*COS(F500) -> -0.00089953401 | Y500: =IF($Z$1, D500, -0.2) -> -0.2

Sheet NACA_5mod
A1: BACK | C1: Name | D1: =Data4!A2*10^6+Data4!A3*10^5+Data4!A4*100+Data4!M1*10+Data4!N2 -> 2500972
C2: Maximum Camber | D2: =Data4!A6 -> 0.02 | F2: Leading-Edge Radius | G2: =Data4!$AA$2 -> 0.012148118
C3: Position of Camber | D3: =Data4!A5 -> 0.25 | F3: Trailing-Edge Angle | G3: =DEGREES(2*ATAN(Data4!$T$1*(D4/0.2))) -> 10.285529
C4: Maximum Thickness | D4: =Data4!A7 -> 0.09
C5: Leading-edge Index | D5: =Data4!M1 -> 7
C6: Position of Maximum Thickness | D6: =Data4!N1 -> 0.2

Sheet Data5
A1: =0.005*A4 -> 0.025 | B1: {=0.5*(1-COS((_xlfn.SEQUENCE(500,1,0,1)*PI())/(500-1)))} -> 0 | C1: =IF($A$1=0, 0, IF(B1<=$A$2, ($A$1/$A$2^2)*(2*$A$2*B1-B1^2), ($A$1/(1-$A$2)^2)*((1-2*$A$2)+2*$A$2*B1-B1^2))) -> 0 | D1: =IF(B1<$N$1, ($A$3/0.2)*($O$1*SQRT(B1)+$P$1*B1+$Q$1*(B1^2)+$R$1*(B1^3)), ($A$3/0.2)*($S$1+$T$1*(1-B1)+$U$1*((1-B1)^2)+$V$1*((1-B1)^3))) -> 0 | E1: =IF($A$1=0, 0, IF(B1<=$A$2, ($A$1/$A$2^2) *(2*$A$2-2*B1), ($A$1/(1-$A$2)^2)*(2*$A$2-2*B1))) -> 0.1 | F1: =IF($A$1=0, 0, ATAN(E1)) -> 0.099668652 | G1: =B1-D1*SIN(F1) -> 0 | H1: =C1+D1*COS(F1) -> 0 | I1: =B1+D1*SIN(F1) -> 0 | J1: =C1-D1*COS(F1) -> 0 | K1: =2*D1*COS(F1) -> 0 | L1: =A4/10 -> 0.5 | M1: 4 | N1: =0.5 -> 0.5 | O1: =IF($M$1=9, 0.2969*SQRT(3),0.2969*(M1/6)) -> 0.19793333 | P1: =(0.3/N1)-1.875*(O1/SQRT(N1))-0.1*(N1/W1) -> -0.047850008 | Q1: =-(0.3/(N1^2))+1.25*(O1/POWER(N1, 3/2))+(0.2/W1) -> -0.0081999889 | R1: =(0.1/N1^3)-0.375*(O1/POWER(N1, 5/2))-(0.1/(W1*N1)) -> -0.11188001 | S1: 0.002 | T1: =IF(N1=0.2, 0.2, IF(N1=0.3, 0.234, IF(N1=0.4, 0.315, IF(N1=0.5, 0.465, 0.7)))) -> 0.465 | U1: =(0.294-2*(1-N1)*T1)/((1-N1)^2) -> -0.684 | V1: =(-0.196+(1-N1)*T1)/((1-N1)^3) -> 0.292 | W1: =0.2*((1-N1)^2/(0.588-2*T1*(1-N1))) -> 0.40650407 | Y1: =IF($Z$1, C1, -0.2) -> -0.2 | Z1: FALSE | AA1: =$F$1 -> 0.099668652 | AB1: {=_xlfn.SEQUENCE(50, 1, 0, (2*PI())/(50-1))} -> 0 | AC1: =$AA$2*(COS($AA$1)+COS(AB1)) -> 0.0079137788 | AD1: =IF($Z$2, $AA$2*(SIN($AA$1)+SIN(AB1)), -0.2) -> -0.2
A2: =0.5 -> 0.5 | B2: 9.9091688e-06 | C2: =IF($A$1=0, 0, IF(B2<=$A$2, ($A$1/$A$2^2)*(2*$A$2*B2-B2^2), ($A$1/(1-$A$2)^2)*((1-2*$A$2)+2*$A$2*B2-B2^2))) -> 9.9090706e-07 | D2: =IF(B2<$N$1, ($A$3/0.2)*($O$1*SQRT(B2)+$P$1*B2+$Q$1*(B2^2)+$R$1*(B2^3)), ($A$3/0.2)*($S$1+$T$1*(1-B2)+$U$1*((1-B2)^2)+$V$1*((1-B2)^3))) -> 0.00028016859 | E2: =IF($A$1=0, 0, IF(B2<=$A$2, ($A$1/$A$2^2) *(2*$A$2-2*B2), ($A$1/(1-$A$2)^2)*(2*$A$2-2*B2))) -> 0.099998018 | F2: =IF($A$1=0, 0, ATAN(E2)) -> 0.09966669 | G2: =B2-D2*SIN(F2) -> -1.7968101e-05 | H2: =C2+D2*COS(F2) -> 0.00027976913 | I2: =B2+D2*SIN(F2) -> 3.7786438e-05 | J2: =C2-D2*COS(F2) -> -0.00027778731 | K2: =2*D2*COS(F2) -> 0.00055755644 | Y2: =IF($Z$1, C2, -0.2) -> -0.2 | Z2: FALSE | AA2: =0.5*(0.2969*($M$1/6)*($A$3/0.2))^2 -> 0.0039667324 | AB2: 0.12822827 | AC2: =$AA$2*(COS($AA$1)+COS(AB2)) -> 0.0078812119 | AD2: =IF($Z$2, $AA$2*(SIN($AA$1)+SIN(AB2)), -0.2) -> -0.2
A3: =A5/100 -> 0.09 | B3: 3.9636283e-05 | C3: =IF($A$1=0, 0, IF(B3<=$A$2, ($A$1/$A$2^2)*(2*$A$2*B3-B3^2), ($A$1/(1-$A$2)^2)*((1-2*$A$2)+2*$A$2*B3-B3^2))) -> 3.9634712e-06 | D3: =IF(B3<$N$1, ($A$3/0.2)*($O$1*SQRT(B3)+$P$1*B3+$Q$1*(B3^2)+$R$1*(B3^3)), ($A$3/0.2)*($S$1+$T$1*(1-B3)+$U$1*((1-B3)^2)+$V$1*((1-B3)^3))) -> 0.00055990767 | E3: =IF($A$1=0, 0, IF(B3<=$A$2, ($A$1/$A$2^2) *(2*$A$2-2*B3), ($A$1/(1-$A$2)^2)*(2*$A$2-2*B3))) -> 0.099992073 | F3: =IF($A$1=0, 0, ATAN(E3)) -> 0.099660804 | G3: =B3-D3*SIN(F3) -> -1.607224e-05 | H3: =C3+D3*COS(F3) -> 0.00056109286 | I3: =B3+D3*SIN(F3) -> 9.5344805e-05 | J3: =C3-D3*COS(F3) -> -0.00055316592 | K3: =2*D3*COS(F3) -> 0.0011142588 | Y3: =IF($Z$1, C3, -0.2) -> -0.2 | AB3: 0.25645654 | AC3: =$AA$2*(COS($AA$1)+COS(AB3)) -> 0.0077840462 | AD3: =IF($Z$2, $AA$2*(SIN($AA$1)+SIN(AB3)), -0.2) -> -0.2
A4: 5 | B4: 8.9180163e-05 | C4: =IF($A$1=0, 0, IF(B4<=$A$2, ($A$1/$A$2^2)*(2*$A$2*B4-B4^2), ($A$1/(1-$A$2)^2)*((1-2*$A$2)+2*$A$2*B4-B4^2))) -> 8.917221e-06 | D4: =IF(B4<$N$1, ($A$3/0.2)*($O$1*SQRT(B4)+$P$1*B4+$Q$1*(B4^2)+$R$1*(B4^3)), ($A$3/0.2)*($S$1+$T$1*(1-B4)+$U$1*((1-B4)^2)+$V$1*((1-B4)^3))) -> 0.00083921446 | E4: =IF($A$1=0, 0, IF(B4<=$A$2, ($A$1/$A$2^2) *(2*$A$2-2*B4), ($A$1/(1-$A$2)^2)*(2*$A$2-2*B4))) -> 0.099982164 | F4: =IF($A$1=0, 0, ATAN(E4)) -> 0.099650993 | G4: =B4-D4*SIN(F4) -> 5.6899494e-06 | H4: =C4+D4*COS(F4) -> 0.0008439683 | I4: =B4+D4*SIN(F4) -> 0.00017267038 | J4: =C4-D4*COS(F4) -> -0.00082613386 | K4: =2*D4*COS(F4) -> 0.0016701022 | Y4: =IF($Z$1, C4, -0.2) -> -0.2 | AB4: 0.38468481 | AC4: =$AA$2*(COS($AA$1)+COS(AB4)) -> 0.0076238771 | AD4: =IF($Z$2, $AA$2*(SIN($AA$1)+SIN(AB4)), -0.2) -> -0.2
A5: 9 | B5: 0.00015853885 | C5: =IF($A$1=0, 0, IF(B5<=$A$2, ($A$1/$A$2^2)*(2*$A$2*B5-B5^2), ($A$1/(1-$A$2)^2)*((1-2*$A$2)+2*$A$2*B5-B5^2))) -> 1.5851371e-05 | D5: =IF(B5<$N$1, ($A$3/0.2)*($O$1*SQRT(B5)+$P$1*B5+$Q$1*(B5^2)+$R$1*(B5^3)), ($A$3/0.2)*($S$1+$T$1*(1-B5)+$U$1*((1-B5)^2)+$V$1*((1-B5)^3))) -> 0.0011180862 | E5: =IF($A$1=0, 0, IF(B5<=$A$2, ($A$1/$A$2^2) *(2*$A$2-2*B5), ($A$1/(1-$A$2)^2)*(2*$A$2-2*B5))) -> 0.099968292 | F5: =IF($A$1=0, 0, ATAN(E5)) -> 0.099637259 | G5: =B5-D5*SIN(F5) -> 4.7320036e-05 | H5: =C5+D5*COS(F5) -> 0.0011283922 | I5: =B5+D5*SIN(F5) -> 0.00026975766 | J5: =C5-D5*COS(F5) -> -0.0010966895 | K5: =2*D5*COS(F5) -> 0.0022250817 | Y5: =IF($Z$1, C5, -0.2) -> -0.2 | AB5: 0.51291309 | AC5: =$AA$2*(COS($AA$1)+COS(AB5)) -> 0.0074033345 | AD5: =IF($Z$2, $AA$2*(SIN($AA$1)+SIN(AB5)), -0.2) -> -0.2
B6: 0.00024770958 | C6: =IF($A$1=0, 0, IF(B6<=$A$2, ($A$1/$A$2^2)*(2*$A$2*B6-B6^2), ($A$1/(1-$A$2)^2)*((1-2*$A$2)+2*$A$2*B6-B6^2))) -> 2.4764822e-05 | D6: =IF(B6<$N$1, ($A$3/0.2)*($O$1*SQRT(B6)+$P$1*B6+$Q$1*(B6^2)+$R$1*(B6^3)), ($A$3/0.2)*($S$1+$T$1*(1-B6)+$U$1*((1-B6)^2)+$V$1*((1-B6)^3))) -> 0.0013965202 | E6: =IF($A$1=0, 0, IF(B6<=$A$2, ($A$1/$A$2^2) *(2*$A$2-2*B6), ($A$1/(1-$A$2)^2)*(2*$A$2-2*B6))) -> 0.099950458 | F6: =IF($A$1=0, 0, ATAN(E6)) -> 0.099619601 | G6: =B6-D6*SIN(F6) -> 0.00010881879 | H6: =C6+D6*COS(F6) -> 0.0014143612 | I6: =B6+D6*SIN(F6) -> 0.00038660037 | J6: =C6-D6*COS(F6) -> -0.0013648315 | K6: =2*D6*COS(F6) -> 0.0027791927 | Y6: =IF($Z$1, C6, -0.2) -> -0.2 | AB6: 0.64114136 | AC6: =$AA$2*(COS($AA$1)+COS(AB6)) -> 0.0071260397 | AD6: =IF($Z$2, $AA$2*(SIN($AA$1)+SIN(AB6)), -0.2) -> -0.2
B7: 0.00035668884 | C7: =IF($A$1=0, 0, IF(B7<=$A$2, ($A$1/$A$2^2)*(2*$A$2*B7-B7^2), ($A$1/(1-$A$2)^2)*((1-2*$A$2)+2*$A$2*B7-B7^2))) -> 3.5656161e-05 | D7: =IF(B7<$N$1, ($A$3/0.2)*($O$1*SQRT(B7)+$P$1*B7+$Q$1*(B7^2)+$R$1*(B7^3)), ($A$3/0.2)*($S$1+$T$1*(1-B7)+$U$1*((1-B7)^2)+$V$1*((1-B7)^3))) -> 0.0016745136 | E7: =IF($A$1=0, 0, IF(B7<=$A$2, ($A$1/$A$2^2) *(2*$A$2-2*B7), ($A$1/(1-$A$2)^2)*(2*$A$2-2*B7))) -> 0.099928662 | F7: =IF($A$1=0, 0, ATAN(E7)) -> 0.099598021 | G7: =B7-D7*SIN(F7) -> 0.00019018619 | H7: =C7+D7*COS(F7) -> 0.0017018713 | I7: =B7+D7*SIN(F7) -> 0.00052319149 | J7: =C7-D7*COS(F7) -> -0.001630559 | K7: =2*D7*COS(F7) -> 0.0033324302 | Y7: =IF($Z$1, C7, -0.2) -> -0.2 | AB7: 0.76936963 | AC7: =$AA$2*(COS($AA$1)+COS(AB7)) -> 0.006796546 | AD7: =IF($Z$2, $AA$2*(SIN($AA$1)+SIN(AB7)), -0.2) -> -0.2
B8: 0.0004854723 | C8: =IF($A$1=0, 0, IF(B8<=$A$2, ($A$1/$A$2^2)*(2*$A$2*B8-B8^2), ($A$1/(1-$A$2)^2)*((1-2*$A$2)+2*$A$2*B8-B8^2))) -> 4.8523661e-05 | D8: =IF(B8<$N$1, ($A$3/0.2)*($O$1*SQRT(B8)+$P$1*B8+$Q$1*(B8^2)+$R$1*(B8^3)), ($A$3/0.2)*($S$1+$T$1*(1-B8)+$U$1*((1-B8)^2)+$V$1*((1-B8)^3))) -> 0.0019520638 | E8: =IF($A$1=0, 0, IF(B8<=$A$2, ($A$1/$A$2^2) *(2*$A$2-2*B8), ($A$1/(1-$A$2)^2)*(2*$A$2-2*B8))) -> 0.099902906 | F8: =IF($A$1=0, 0, ATAN(E8)) -> 0.099572518 | G8: =B8-D8*SIN(F8) -> 0.00029142141 | H8: =C8+D8*COS(F8) -> 0.0019909184 | I8: =B8+D8*SIN(F8) -> 0.00067952318 | J8: =C8-D8*COS(F8) -> -0.0018938711 | K8: =2*D8*COS(F8) -> 0.0038847895 | Y8: =IF($Z$1, C8, -0.2) -> -0.2 | AB8: 0.8975979 | AC8: =$AA$2*(COS($AA$1)+COS(AB8)) -> 0.0064202635 | AD8: =IF($Z$2, $AA$2*(SIN($AA$1)+SIN(AB8)), -0.2) -> -0.2
B9: 0.00063405485 | C9: =IF($A$1=0, 0, IF(B9<=$A$2, ($A$1/$A$2^2)*(2*$A$2*B9-B9^2), ($A$1/(1-$A$2)^2)*((1-2*$A$2)+2*$A$2*B9-B9^2))) -> 6.3365282e-05 | D9: =IF(B9<$N$1, ($A$3/0.2)*($O$1*SQRT(B9)+$P$1*B9+$Q$1*(B9^2)+$R$1*(B9^3)), ($A$3/0.2)*($S$1+$T$1*(1-B9)+$U$1*((1-B9)^2)+$V$1*((1-B9)^3))) -> 0.002229168 | E9: =IF($A$1=0, 0, IF(B9<=$A$2, ($A$1/$A$2^2) *(2*$A$2-2*B9), ($A$1/(1-$A$2)^2)*(2*$A$2-2*B9))) -> 0.099873189 | F9: =IF($A$1=0, 0, ATAN(E9)) -> 0.099543096 | G9: =B9-D9*SIN(F9) -> 0.00041252284 | H9: =C9+D9*COS(F9) -> 0.0022814982 | I9: =B9+D9*SIN(F9) -> 0.00085558685 | J9: =C9-D9*COS(F9) -> -0.0021547676 | K9: =2*D9*COS(F9) -> 0.0044362658 | Y9: =IF($Z$1, C9, -0.2) -> -0.2 | AB9: 1.0258262 | AC9: =$AA$2*(COS($AA$1)+COS(AB9)) -> 0.0060033709 | AD9: =IF($Z$2, $AA$2*(SIN($AA$1)+SIN(AB9)), -0.2) -> -0.2
B10: 0.0008024306 | C10: =IF($A$1=0, 0, IF(B10<=$A$2, ($A$1/$A$2^2)*(2*$A$2*B10-B10^2), ($A$1/(1-$A$2)^2)*((1-2*$A$2)+2*$A$2*B10-B10^2))) -> 8.0178671e-05 | D10: =IF(B10<$N$1, ($A$3/0.2)*($O$1*SQRT(B10)+$P$1*B10+$Q$1*(B10^2)+$R$1*(B10^3)), ($A$3/0.2)*($S$1+$T$1*(1-B10)+$U$1*((1-B10)^2)+$V$1*((1-B10)^3))) -> 0.0025058235 | E10: =IF($A$1=0, 0, IF(B10<=$A$2, ($A$1/$A$2^2) *(2*$A$2-2*B10), ($A$1/(1-$A$2)^2)*(2*$A$2-2*B10))) -> 0.099839514 | F10: =IF($A$1=0, 0, ATAN(E10)) -> 0.099509753 | G10: =B10-D10*SIN(F10) -> 0.00055348805 | H10: =C10+D10*COS(F10) -> 0.0025736058 | I10: =B10+D10*SIN(F10) -> 0.0010513732 | J10: =C10-D10*COS(F10) -> -0.0024132485 | K10: =2*D10*COS(F10) -> 0.0049868543 | Y10: =IF($Z$1, C10, -0.2) -> -0.2 | AB10: 1.1540544 | AC10: =$AA$2*(COS($AA$1)+COS(AB10)) -> 0.0055527135 | AD10: =IF($Z$2, $AA$2*(SIN($AA$1)+SIN(AB10)), -0.2) -> -0.2
B11: 0.00099059289 | C11: =IF($A$1=0, 0, IF(B11<=$A$2, ($A$1/$A$2^2)*(2*$A$2*B11-B11^2), ($A$1/(1-$A$2)^2)*((1-2*$A$2)+2*$A$2*B11-B11^2))) -> 9.8961162e-05 | D11: =IF(B11<$N$1, ($A$3/0.2)*($O$1*SQRT(B11)+$P$1*B11+$Q$1*(B11^2)+$R$1*(B11^3)), ($A$3/0.2)*($S$1+$T$1*(1-B11)+$U$1*((1-B11)^2)+$V$1*((1-B11)^3))) -> 0.0027820276 | E11: =IF($A$1=0, 0, IF(B11<=$A$2, ($A$1/$A$2^2) *(2*$A$2-2*B11), ($A$1/(1-$A$2)^2)*(2*$A$2-2*B11))) -> 0.099801881 | F11: =IF($A$1=0, 0, ATAN(E11)) -> 0.099472492 | G11: =B11-D11*SIN(F11) -> 0.00071431382 | H11: =C11+D11*COS(F11) -> 0.0028672363 | I11: =B11+D11*SIN(F11) -> 0.001266872 | J11: =C11-D11*COS(F11) -> -0.002669314 | K11: =2*D11*COS(F11) -> 0.0055365503 | Y11: =IF($Z$1, C11, -0.2) -> -0.2 | AB11: 1.2822827 | AC11: =$AA$2*(COS($AA$1)+COS(AB11)) -> 0.0050756911 | AD11: =IF($Z$2, $AA$2*(SIN($AA$1)+SIN(AB11)), -0.2) -> -0.2
B12: 0.0011985343 | C12: =IF($A$1=0, 0, IF(B12<=$A$2, ($A$1/$A$2^2)*(2*$A$2*B12-B12^2), ($A$1/(1-$A$2)^2)*((1-2*$A$2)+2*$A$2*B12-B12^2))) -> 0.00011970978 | D12: =IF(B12<$N$1, ($A$3/0.2)*($O$1*SQRT(B12)+$P$1*B12+$Q$1*(B12^2)+$R$1*(B12^3)), ($A$3/0.2)*($S$1+$T$1*(1-B12)+$U$1*((1-B12)^2)+$V$1*((1-B12)^3))) -> 0.0030577775 | E12: =IF($A$1=0, 0, IF(B12<=$A$2, ($A$1/$A$2^2) *(2*$A$2-2*B12), ($A$1/(1-$A$2)^2)*(2*$A$2-2*B12))) -> 0.099760293 | F12: =IF($A$1=0, 0, ATAN(E12)) -> 0.099431313 | G12: =B12-D12*SIN(F12) -> 0.00089499616 | H12: =C12+D12*COS(F12) -> 0.0031623843 | I12: =B12+D12*SIN(F12) -> 0.0015020724 | J12: =C12-D12*COS(F12) -> -0.0029229647 | K12: =2*D12*COS(F12) -> 0.006085349 | Y12: =IF($Z$1, C12, -0.2) -> -0.2 | AB12: 1.410511 | AC12: =$AA$2*(COS($AA$1)+COS(AB12)) -> 0.0045801364 | AD12: =IF($Z$2, $AA$2*(SIN($AA$1)+SIN(AB12)), -0.2) -> -0.2
B13: 0.0014262465 | C13: =IF($A$1=0, 0, IF(B13<=$A$2, ($A$1/$A$2^2)*(2*$A$2*B13-B13^2), ($A$1/(1-$A$2)^2)*((1-2*$A$2)+2*$A$2*B13-B13^2))) -> 0.00014242123 | D13: =IF(B13<$N$1, ($A$3/0.2)*($O$1*SQRT(B13)+$P$1*B13+$Q$1*(B13^2)+$R$1*(B13^3)), ($A$3/0.2)*($S$1+$T$1*(1-B13)+$U$1*((1-B13)^2)+$V$1*((1-B13)^3))) -> 0.0033330706 | E13: =IF($A$1=0, 0, IF(B13<=$A$2, ($A$1/$A$2^2) *(2*$A$2-2*B13), ($A$1/(1-$A$2)^2)*(2*$A$2-2*B13))) -> 0.099714751 | F13: =IF($A$1=0, 0, ATAN(E13)) -> 0.099386219 | G13: =B13-D13*SIN(F13) -> 0.0010955302 | H13: =C13+D13*COS(F13) -> 0.003459044 | I13: =B13+D13*SIN(F13) -> 0.0017569627 | J13: =C13-D13*COS(F13) -> -0.0031742016 | K13: =2*D13*COS(F13) -> 0.0066332456 | Y13: =IF($Z$1, C13, -0.2) -> -0.2 | AB13: 1.5387393 | AC13: =$AA$2*(COS($AA$1)+COS(AB13)) -> 0.0040741863 | AD13: =IF($Z$2, $AA$2*(SIN($AA$1)+SIN(AB13)), -0.2) -> -0.2
B14: 0.0016737205 | C14: =IF($A$1=0, 0, IF(B14<=$A$2, ($A$1/$A$2^2)*(2*$A$2*B14-B14^2), ($A$1/(1-$A$2)^2)*((1-2*$A$2)+2*$A$2*B14-B14^2))) -> 0.00016709191 | D14: =IF(B14<$N$1, ($A$3/0.2)*($O$1*SQRT(B14)+$P$1*B14+$Q$1*(B14^2)+$R$1*(B14^3)), ($A$3/0.2)*($S$1+$T$1*(1-B14)+$U$1*((1-B14)^2)+$V$1*((1-B14)^3))) -> 0.0036079043 | E14: =IF($A$1=0, 0, IF(B14<=$A$2, ($A$1/$A$2^2) *(2*$A$2-2*B14), ($A$1/(1-$A$2)^2)*(2*$A$2-2*B14))) -> 0.099665256 | F14: =IF($A$1=0, 0, ATAN(E14)) -> 0.099337212 | G14: =B14-D14*SIN(F14) -> 0.0013159105 | H14: =C14+D14*COS(F14) -> 0.0037572096 | I14: =B14+D14*SIN(F14) -> 0.0020315305 | J14: =C14-D14*COS(F14) -> -0.0034230258 | K14: =2*D14*COS(F14) -> 0.0071802354 | Y14: =IF($Z$1, C14, -0.2) -> -0.2 | AB14: 1.6669675 | AC14: =$AA$2*(COS($AA$1)+COS(AB14)) -> 0.0035661487 | AD14: =IF($Z$2, $AA$2*(SIN($AA$1)+SIN(AB14)), -0.2) -> -0.2
B15: 0.0019409464 | C15: =IF($A$1=0, 0, IF(B15<=$A$2, ($A$1/$A$2^2)*(2*$A$2*B15-B15^2), ($A$1/(1-$A$2)^2)*((1-2*$A$2)+2*$A$2*B15-B15^2))) -> 0.00019371792 | D15: =IF(B15<$N$1, ($A$3/0.2)*($O$1*SQRT(B15)+$P$1*B15+$Q$1*(B15^2)+$R$1*(B15^3)), ($A$3/0.2)*($S$1+$T$1*(1-B15)+$U$1*((1-B15)^2)+$V$1*((1-B15)^3))) -> 0.0038822757 | E15: =IF($A$1=0, 0, IF(B15<=$A$2, ($A$1/$A$2^2) *(2*$A$2-2*B15), ($A$1/(1-$A$2)^2)*(2*$A$2-2*B15))) -> 0.099611811 | F15: =IF($A$1=0, 0, ATAN(E15)) -> 0.099284292 | G15: =B15-D15*SIN(F15) -> 0.0015561304 | H15: =C15+D15*COS(F15) -> 0.0040568748 | I15: =B15+D15*SIN(F15) -> 0.0023257625 | J15: =C15-D15*COS(F15) -> -0.003669439 | K15: =2*D15*COS(F15) -> 0.0077263138 | Y15: =IF($Z$1, C15, -0.2) -> -0.2 | AB15: 1.7951958 | AC15: =$AA$2*(COS($AA$1)+COS(AB15)) -> 0.0030643653 | AD15: =IF($Z$2, $AA$2*(SIN($AA$1)+SIN(AB15)), -0.2) -> -0.2
B16: 0.0022279139 | C16: =IF($A$1=0, 0, IF(B16<=$A$2, ($A$1/$A$2^2)*(2*$A$2*B16-B16^2), ($A$1/(1-$A$2)^2)*((1-2*$A$2)+2*$A$2*B16-B16^2))) -> 0.00022229503 | D16: =IF(B16<$N$1, ($A$3/0.2)*($O$1*SQRT(B16)+$P$1*B16+$Q$1*(B16^2)+$R$1*(B16^3)), ($A$3/0.2)*($S$1+$T$1*(1-B16)+$U$1*((1-B16)^2)+$V$1*((1-B16)^3))) -> 0.0041561822 | E16: =IF($A$1=0, 0, IF(B16<=$A$2, ($A$1/$A$2^2) *(2*$A$2-2*B16), ($A$1/(1-$A$2)^2)*(2*$A$2-2*B16))) -> 0.099554417 | F16: =IF($A$1=0, 0, ATAN(E16)) -> 0.099227462 | G16: =B16-D16*SIN(F16) -> 0.0018161829 | H16: =C16+D16*COS(F16) -> 0.004358033 | I16: =B16+D16*SIN(F16) -> 0.0026396448 | J16: =C16-D16*COS(F16) -> -0.0039134429 | K16: =2*D16*COS(F16) -> 0.0082714759 | Y16: =IF($Z$1, C16, -0.2) -> -0.2 | AB16: 1.9234241 | AC16: =$AA$2*(COS($AA$1)+COS(AB16)) -> 0.0025770755 | AD16: =IF($Z$2, $AA$2*(SIN($AA$1)+SIN(AB16)), -0.2) -> -0.2
B17: 0.0025346113 | C17: =IF($A$1=0, 0, IF(B17<=$A$2, ($A$1/$A$2^2)*(2*$A$2*B17-B17^2), ($A$1/(1-$A$2)^2)*((1-2*$A$2)+2*$A$2*B17-B17^2))) -> 0.0002528187 | D17: =IF(B17<$N$1, ($A$3/0.2)*($O$1*SQRT(B17)+$P$1*B17+$Q$1*(B17^2)+$R$1*(B17^3)), ($A$3/0.2)*($S$1+$T$1*(1-B17)+$U$1*((1-B17)^2)+$V$1*((1-B17)^3))) -> 0.0044296213 | E17: =IF($A$1=0, 0, IF(B17<=$A$2, ($A$1/$A$2^2) *(2*$A$2-2*B17), ($A$1/(1-$A$2)^2)*(2*$A$2-2*B17))) -> 0.099493078 | F17: =IF($A$1=0, 0, ATAN(E17)) -> 0.099166724 | G17: =B17-D17*SIN(F17) -> 0.0020960599 | H17: =C17+D17*COS(F17) -> 0.0046606773 | I17: =B17+D17*SIN(F17) -> 0.0029731627 | J17: =C17-D17*COS(F17) -> -0.0041550399 | K17: =2*D17*COS(F17) -> 0.0088157171 | Y17: =IF($Z$1, C17, -0.2) -> -0.2 | AB17: 2.0516523 | AC17: =$AA$2*(COS($AA$1)+COS(AB17)) -> 0.0021122807 | AD17: =IF($Z$2, $AA$2*(SIN($AA$1)+SIN(AB17)), -0.2) -> -0.2
... B50: 0.023603904 | C50: =IF($A$1=0, 0, IF(B50<=$A$2, ($A$1/$A$2^2)*(2*$A$2*B50-B50^2), ($A$1/(1-$A$2)^2)*((1-2*$A$2)+2*$A$2*B50-B50^2))) -> 0.002304676 | D50: =IF(B50<$N$1, ($A$3/0.2)*($O$1*SQRT(B50)+$P$1*B50+$Q$1*(B50^2)+$R$1*(B50^3)), ($A$3/0.2)*($S$1+$T$1*(1-B50)+$U$1*((1-B50)^2)+$V$1*((1-B50)^3))) -> 0.013173356 | E50: =IF($A$1=0, 0, IF(B50<=$A$2, ($A$1/$A$2^2) *(2*$A$2-2*B50), ($A$1/(1-$A$2)^2)*(2*$A$2-2*B50))) -> 0.095279219 | F50: =IF($A$1=0, 0, ATAN(E50)) -> 0.09499246 | G50: =B50-D50*SIN(F50) -> 0.022354416 | H50: =C50+D50*COS(F50) -> 0.015418641 | I50: =B50+D50*SIN(F50) -> 0.024853393 | J50: =C50-D50*COS(F50) -> -0.010809289 | K50: =2*D50*COS(F50) -> 0.02622793 | Y50: =IF($Z$1, C50, -0.2) -> -0.2 | AB50: 6.2831853 | AC50: =$AA$2*(COS($AA$1)+COS(AB50)) -> 0.0079137788 | AD50: =IF($Z$2, $AA$2*(SIN($AA$1)+SIN(AB50)), -0.2) -> -0.2
B51: 0.024569111 | C51: =IF($A$1=0, 0, IF(B51<=$A$2, ($A$1/$A$2^2)*(2*$A$2*B51-B51^2), ($A$1/(1-$A$2)^2)*((1-2*$A$2)+2*$A$2*B51-B51^2))) -> 0.002396547 | D51: =IF(B51<$N$1, ($A$3/0.2)*($O$1*SQRT(B51)+$P$1*B51+$Q$1*(B51^2)+$R$1*(B51^3)), ($A$3/0.2)*($S$1+$T$1*(1-B51)+$U$1*((1-B51)^2)+$V$1*((1-B51)^3))) -> 0.013429302 | E51: =IF($A$1=0, 0, IF(B51<=$A$2, ($A$1/$A$2^2) *(2*$A$2-2*B51), ($A$1/(1-$A$2)^2)*(2*$A$2-2*B51))) -> 0.095086178 | F51: =IF($A$1=0, 0, ATAN(E51)) -> 0.094801152 | G51: =B51-D51*SIN(F51) -> 0.023297904 | H51: =C51+D51*COS(F51) -> 0.015765547 | I51: =B51+D51*SIN(F51) -> 0.025840318 | J51: =C51-D51*COS(F51) -> -0.010972453 | K51: =2*D51*COS(F51) -> 0.026738001 | Y51: =IF($Z$1, C51, -0.2) -> -0.2
B52: 0.025553163 | C52: =IF($A$1=0, 0, IF(B52<=$A$2, ($A$1/$A$2^2)*(2*$A$2*B52-B52^2), ($A$1/(1-$A$2)^2)*((1-2*$A$2)+2*$A$2*B52-B52^2))) -> 0.0024900199 | D52: =IF(B52<$N$1, ($A$3/0.2)*($O$1*SQRT(B52)+$P$1*B52+$Q$1*(B52^2)+$R$1*(B52^3)), ($A$3/0.2)*($S$1+$T$1*(1-B52)+$U$1*((1-B52)^2)+$V$1*((1-B52)^3))) -> 0.013684684 | E52: =IF($A$1=0, 0, IF(B52<=$A$2, ($A$1/$A$2^2) *(2*$A$2-2*B52), ($A$1/(1-$A$2)^2)*(2*$A$2-2*B52))) -> 0.094889367 | F52: =IF($A$1=0, 0, ATAN(E52)) -> 0.094606102 | G52: =B52-D52*SIN(F52) -> 0.024260438 | H52: =C52+D52*COS(F52) -> 0.016113509 | I52: =B52+D52*SIN(F52) -> 0.026845887 | J52: =C52-D52*COS(F52) -> -0.011133469 | K52: =2*D52*COS(F52) -> 0.027246977 | Y52: =IF($Z$1, C52, -0.2) -> -0.2
B53: 0.02655602 | C53: =IF($A$1=0, 0, IF(B53<=$A$2, ($A$1/$A$2^2)*(2*$A$2*B53-B53^2), ($A$1/(1-$A$2)^2)*((1-2*$A$2)+2*$A$2*B53-B53^2))) -> 0.0025850797 | D53: =IF(B53<$N$1, ($A$3/0.2)*($O$1*SQRT(B53)+$P$1*B53+$Q$1*(B53^2)+$R$1*(B53^3)), ($A$3/0.2)*($S$1+$T$1*(1-B53)+$U$1*((1-B53)^2)+$V$1*((1-B53)^3))) -> 0.0139395 | E53: =IF($A$1=0, 0, IF(B53<=$A$2, ($A$1/$A$2^2) *(2*$A$2-2*B53), ($A$1/(1-$A$2)^2)*(2*$A$2-2*B53))) -> 0.094688796 | F53: =IF($A$1=0, 0, ATAN(E53)) -> 0.094407317 | G53: =B53-D53*SIN(F53) -> 0.025241983 | H53: =C53+D53*COS(F53) -> 0.016462507 | I53: =B53+D53*SIN(F53) -> 0.027870056 | J53: =C53-D53*COS(F53) -> -0.011292347 | K53: =2*D53*COS(F53) -> 0.027754854 | Y53: =IF($Z$1, C53, -0.2) -> -0.2
B54: 0.027577642 | C54: =IF($A$1=0, 0, IF(B54<=$A$2, ($A$1/$A$2^2)*(2*$A$2*B54-B54^2), ($A$1/(1-$A$2)^2)*((1-2*$A$2)+2*$A$2*B54-B54^2))) -> 0.0026817116 | D54: =IF(B54<$N$1, ($A$3/0.2)*($O$1*SQRT(B54)+$P$1*B54+$Q$1*(B54^2)+$R$1*(B54^3)), ($A$3/0.2)*($S$1+$T$1*(1-B54)+$U$1*((1-B54)^2)+$V$1*((1-B54)^3))) -> 0.014193747 | E54: =IF($A$1=0, 0, IF(B54<=$A$2, ($A$1/$A$2^2) *(2*$A$2-2*B54), ($A$1/(1-$A$2)^2)*(2*$A$2-2*B54))) -> 0.094484472 | F54: =IF($A$1=0, 0, ATAN(E54)) -> 0.094204804 | G54: =B54-D54*SIN(F54) -> 0.0262425 | H54: =C54+D54*COS(F54) -> 0.016812524 | I54: =B54+D54*SIN(F54) -> 0.028912785 | J54: =C54-D54*COS(F54) -> -0.011449101 | K54: =2*D54*COS(F54) -> 0.028261624 | Y54: =IF($Z$1, C54, -0.2) -> -0.2
B55: 0.02861799 | C55: =IF($A$1=0, 0, IF(B55<=$A$2, ($A$1/$A$2^2)*(2*$A$2*B55-B55^2), ($A$1/(1-$A$2)^2)*((1-2*$A$2)+2*$A$2*B55-B55^2))) -> 0.0027799001 | D55: =IF(B55<$N$1, ($A$3/0.2)*($O$1*SQRT(B55)+$P$1*B55+$Q$1*(B55^2)+$R$1*(B55^3)), ($A$3/0.2)*($S$1+$T$1*(1-B55)+$U$1*((1-B55)^2)+$V$1*((1-B55)^3))) -> 0.014447422 | E55: =IF($A$1=0, 0, IF(B55<=$A$2, ($A$1/$A$2^2) *(2*$A$2-2*B55), ($A$1/(1-$A$2)^2)*(2*$A$2-2*B55))) -> 0.094276402 | F55: =IF($A$1=0, 0, ATAN(E55)) -> 0.093998571 | G55: =B55-D55*SIN(F55) -> 0.027261952 | H55: =C55+D55*COS(F55) -> 0.017163542 | I55: =B55+D55*SIN(F55) -> 0.029974028 | J55: =C55-D55*COS(F55) -> -0.011603742 | K55: =2*D55*COS(F55) -> 0.028767284 | Y55: =IF($Z$1, C55, -0.2) -> -0.2
B56: 0.029677022 | C56: =IF($A$1=0, 0, IF(B56<=$A$2, ($A$1/$A$2^2)*(2*$A$2*B56-B56^2), ($A$1/(1-$A$2)^2)*((1-2*$A$2)+2*$A$2*B56-B56^2))) -> 0.0028796297 | D56: =IF(B56<$N$1, ($A$3/0.2)*($O$1*SQRT(B56)+$P$1*B56+$Q$1*(B56^2)+$R$1*(B56^3)), ($A$3/0.2)*($S$1+$T$1*(1-B56)+$U$1*((1-B56)^2)+$V$1*((1-B56)^3))) -> 0.01470052 | E56: =IF($A$1=0, 0, IF(B56<=$A$2, ($A$1/$A$2^2) *(2*$A$2-2*B56), ($A$1/(1-$A$2)^2)*(2*$A$2-2*B56))) -> 0.094064596 | F56: =IF($A$1=0, 0, ATAN(E56)) -> 0.093788627 | G56: =B56-D56*SIN(F56) -> 0.028300301 | H56: =C56+D56*COS(F56) -> 0.017515542 | I56: =B56+D56*SIN(F56) -> 0.031053744 | J56: =C56-D56*COS(F56) -> -0.011756283 | K56: =2*D56*COS(F56) -> 0.029271825 | Y56: =IF($Z$1, C56, -0.2) -> -0.2
B57: 0.030754696 | C57: =IF($A$1=0, 0, IF(B57<=$A$2, ($A$1/$A$2^2)*(2*$A$2*B57-B57^2), ($A$1/(1-$A$2)^2)*((1-2*$A$2)+2*$A$2*B57-B57^2))) -> 0.0029808845 | D57: =IF(B57<$N$1, ($A$3/0.2)*($O$1*SQRT(B57)+$P$1*B57+$Q$1*(B57^2)+$R$1*(B57^3)), ($A$3/0.2)*($S$1+$T$1*(1-B57)+$U$1*((1-B57)^2)+$V$1*((1-B57)^3))) -> 0.014953041 | E57: =IF($A$1=0, 0, IF(B57<=$A$2, ($A$1/$A$2^2) *(2*$A$2-2*B57), ($A$1/(1-$A$2)^2)*(2*$A$2-2*B57))) -> 0.093849061 | F57: =IF($A$1=0, 0, ATAN(E57)) -> 0.093574978 | G57: =B57-D57*SIN(F57) -> 0.029357507 | H57: =C57+D57*COS(F57) -> 0.017868506 | I57: =B57+D57*SIN(F57) -> 0.032151886 | J57: =C57-D57*COS(F57) -> -0.011906737 | K57: =2*D57*COS(F57) -> 0.029775244 | Y57: =IF($Z$1, C57, -0.2) -> -0.2
B58: 0.03185097 | C58: =IF($A$1=0, 0, IF(B58<=$A$2, ($A$1/$A$2^2)*(2*$A$2*B58-B58^2), ($A$1/(1-$A$2)^2)*((1-2*$A$2)+2*$A$2*B58-B58^2))) -> 0.0030836485 | D58: =IF(B58<$N$1, ($A$3/0.2)*($O$1*SQRT(B58)+$P$1*B58+$Q$1*(B58^2)+$R$1*(B58^3)), ($A$3/0.2)*($S$1+$T$1*(1-B58)+$U$1*((1-B58)^2)+$V$1*((1-B58)^3))) -> 0.015204979 | E58: =IF($A$1=0, 0, IF(B58<=$A$2, ($A$1/$A$2^2) *(2*$A$2-2*B58), ($A$1/(1-$A$2)^2)*(2*$A$2-2*B58))) -> 0.093629806 | F58: =IF($A$1=0, 0, ATAN(E58)) -> 0.093357633 | G58: =B58-D58*SIN(F58) -> 0.03043353 | H58: =C58+D58*COS(F58) -> 0.018222415 | I58: =B58+D58*SIN(F58) -> 0.033268409 | J58: =C58-D58*COS(F58) -> -0.012055118 | K58: =2*D58*COS(F58) -> 0.030277533 | Y58: =IF($Z$1, C58, -0.2) -> -0.2
B59: 0.032965799 | C59: =IF($A$1=0, 0, IF(B59<=$A$2, ($A$1/$A$2^2)*(2*$A$2*B59-B59^2), ($A$1/(1-$A$2)^2)*((1-2*$A$2)+2*$A$2*B59-B59^2))) -> 0.0031879055 | D59: =IF(B59<$N$1, ($A$3/0.2)*($O$1*SQRT(B59)+$P$1*B59+$Q$1*(B59^2)+$R$1*(B59^3)), ($A$3/0.2)*($S$1+$T$1*(1-B59)+$U$1*((1-B59)^2)+$V$1*((1-B59)^3))) -> 0.015456332 | E59: =IF($A$1=0, 0, IF(B59<=$A$2, ($A$1/$A$2^2) *(2*$A$2-2*B59), ($A$1/(1-$A$2)^2)*(2*$A$2-2*B59))) -> 0.09340684 | F59: =IF($A$1=0, 0, ATAN(E59)) -> 0.0931366 | G59: =B59-D59*SIN(F59) -> 0.031528329 | H59: =C59+D59*COS(F59) -> 0.018577249 | I59: =B59+D59*SIN(F59) -> 0.034403269 | J59: =C59-D59*COS(F59) -> -0.012201438 | K59: =2*D59*COS(F59) -> 0.030778687 | Y59: =IF($Z$1, C59, -0.2) -> -0.2
B60: 0.03409914 | C60: =IF($A$1=0, 0, IF(B60<=$A$2, ($A$1/$A$2^2)*(2*$A$2*B60-B60^2), ($A$1/(1-$A$2)^2)*((1-2*$A$2)+2*$A$2*B60-B60^2))) -> 0.0032936389 | D60: =IF(B60<$N$1, ($A$3/0.2)*($O$1*SQRT(B60)+$P$1*B60+$Q$1*(B60^2)+$R$1*(B60^3)), ($A$3/0.2)*($S$1+$T$1*(1-B60)+$U$1*((1-B60)^2)+$V$1*((1-B60)^3))) -> 0.015707097 | E60: =IF($A$1=0, 0, IF(B60<=$A$2, ($A$1/$A$2^2) *(2*$A$2-2*B60), ($A$1/(1-$A$2)^2)*(2*$A$2-2*B60))) -> 0.093180172 | F60: =IF($A$1=0, 0, ATAN(E60)) -> 0.092911888 | G60: =B60-D60*SIN(F60) -> 0.032641863 | H60: =C60+D60*COS(F60) -> 0.018932988 | I60: =B60+D60*SIN(F60) -> 0.035556417 | J60: =C60-D60*COS(F60) -> -0.01234571 | K60: =2*D60*COS(F60) -> 0.031278699 | Y60: =IF($Z$1, C60, -0.2) -> -0.2
B61: 0.035250948 | C61: =IF($A$1=0, 0, IF(B61<=$A$2, ($A$1/$A$2^2)*(2*$A$2*B61-B61^2), ($A$1/(1-$A$2)^2)*((1-2*$A$2)+2*$A$2*B61-B61^2))) -> 0.0034008318 | D61: =IF(B61<$N$1, ($A$3/0.2)*($O$1*SQRT(B61)+$P$1*B61+$Q$1*(B61^2)+$R$1*(B61^3)), ($A$3/0.2)*($S$1+$T$1*(1-B61)+$U$1*((1-B61)^2)+$V$1*((1-B61)^3))) -> 0.015957271 | E61: =IF($A$1=0, 0, IF(B61<=$A$2, ($A$1/$A$2^2) *(2*$A$2-2*B61), ($A$1/(1-$A$2)^2)*(2*$A$2-2*B61))) -> 0.09294981 | F61: =IF($A$1=0, 0, ATAN(E61)) -> 0.092683504 | G61: =B61-D61*SIN(F61) -> 0.033774088 | H61: =C61+D61*COS(F61) -> 0.019289613 | I61: =B61+D61*SIN(F61) -> 0.036727807 | J61: =C61-D61*COS(F61) -> -0.01248795 | K61: =2*D61*COS(F61) -> 0.031777563 | Y61: =IF($Z$1, C61, -0.2) -> -0.2
B62: 0.036421176 | C62: =IF($A$1=0, 0, IF(B62<=$A$2, ($A$1/$A$2^2)*(2*$A$2*B62-B62^2), ($A$1/(1-$A$2)^2)*((1-2*$A$2)+2*$A$2*B62-B62^2))) -> 0.0035094674 | D62: =IF(B62<$N$1, ($A$3/0.2)*($O$1*SQRT(B62)+$P$1*B62+$Q$1*(B62^2)+$R$1*(B62^3)), ($A$3/0.2)*($S$1+$T$1*(1-B62)+$U$1*((1-B62)^2)+$V$1*((1-B62)^3))) -> 0.016206849 | E62: =IF($A$1=0, 0, IF(B62<=$A$2, ($A$1/$A$2^2) *(2*$A$2-2*B62), ($A$1/(1-$A$2)^2)*(2*$A$2-2*B62))) -> 0.092715765 | F62: =IF($A$1=0, 0, ATAN(E62)) -> 0.092451458 | G62: =B62-D62*SIN(F62) -> 0.034924963 | H62: =C62+D62*COS(F62) -> 0.019647104 | I62: =B62+D62*SIN(F62) -> 0.03791739 | J62: =C62-D62*COS(F62) -> -0.012628169 | K62: =2*D62*COS(F62) -> 0.032275272 | Y62: =IF($Z$1, C62, -0.2) -> -0.2
... B500: 1 | C500: =IF($A$1=0, 0, IF(B500<=$A$2, ($A$1/$A$2^2)*(2*$A$2*B500-B500^2), ($A$1/(1-$A$2)^2)*((1-2*$A$2)+2*$A$2*B500-B500^2))) -> 0 | D500: =IF(B500<$N$1, ($A$3/0.2)*($O$1*SQRT(B500)+$P$1*B500+$Q$1*(B500^2)+$R$1*(B500^3)), ($A$3/0.2)*($S$1+$T$1*(1-B500)+$U$1*((1-B500)^2)+$V$1*((1-B500)^3))) -> 0.0009 | E500: =IF($A$1=0, 0, IF(B500<=$A$2, ($A$1/$A$2^2) *(2*$A$2-2*B500), ($A$1/(1-$A$2)^2)*(2*$A$2-2*B500))) -> -0.1 | F500: =IF($A$1=0, 0, ATAN(E500)) -> -0.099668652 | G500: =B500-D500*SIN(F500) -> 1.0000896 | H500: =C500+D500*COS(F500) -> 0.00089553347 | I500: =B500+D500*SIN(F500) -> 0.99991045 | J500: =C500-D500*COS(F500) -> -0.00089553347 | K500: =2*D500*COS(F500) -> 0.0017910669 | Y500: =IF($Z$1, C500, -0.2) -> -0.2

Sheet NACA_16-series
A1: BACK | C1: Name | D1: =Data5!A4*100+Data5!A5 -> 509
C2: Design Lift Coefficient | D2: =Data5!L1 -> 0.5 | F2: Leading-Edge Radius | G2: =Data5!AA2 -> 0.0039667324
C3: Maximum Thickness | D3: =Data5!A3 -> 0.09 | F3: Trailing-Edge Angle | G3: =DEGREES(2*ATAN(Data5!T1*(D3/0.2))) -> 23.637232
